NCI-NATURE	DNA-PK pathway in nonhomologous end joining PID	http://pid.nci.nih.gov/search/pathway_landing.shtml?pathway_id=200035&source=NCI-NATURE&what=graphic&jpg=on	PRKDC,XRCC6,APLF,CSNK2A1,XRCC5,POLL,APTX,CSNK2A2,XRCC4,DNTT,LIG4,DCLRE1C,NHEJ1,PNKP,CSNK2B,POLM
NCI-NATURE	Plasma membrane estrogen receptor signaling PID	http://pid.nci.nih.gov/search/pathway_landing.shtml?pathway_id=200034&source=NCI-NATURE&what=graphic&jpg=on	NOS3,ROCK2,GNB1,GNAQ,GNA13,ESR1,NRAS,ESR2,BCAR1,SRC,AKT1,GRB2,GNAL,GNG2,GNA11,PELP1,GNAI3,GNA15,MAPK11,SOS1,STRN,IGF1R,HBEGF,RHOA,MMP2,PLCB2,PIK3CA,PIK3R1,MMP9,GNA14,GNAO1,GNAI2,GNAZ,PLCB3,PLCB1,MSN,GNAI1,HRAS
NCI-NATURE	CD40/CD40L signaling PID	http://pid.nci.nih.gov/search/pathway_landing.shtml?pathway_id=200037&source=NCI-NATURE&what=graphic&jpg=on	TRAF3,JAK3,RELA,MAP3K1,FCAMR,CD40LG,STAT5A,TRAF1,MAPK14,JUN,BIRC3,MAPK9,MAPK11,IL4,CD40,MAPK10,MYC,AKT1,MAPK8,NFKB1,C4BPA,TRAF2,NFKBIA,TDP2,CBLB,TNFAIP3,TRAF6,MAP3K14,BIRC2,MAP2K4
NCI-NATURE	HIF-2-alpha transcription factor network PID	http://pid.nci.nih.gov/search/pathway_landing.shtml?pathway_id=200036&source=NCI-NATURE&what=graphic&jpg=on	SIRT1,CREBBP,EGLN2,FXN,EIF3E,SERPINE1,CITED2,EGLN1,SP1,KDR,SLC11A2,EP300,POU5F1,EPAS1,PGK1,VEGFA,EFNA1,ELK1,TCEB2,TWIST1,ABCG2,EPO,BHLHE40,APEX1,SLC2A1,EGLN3,MMP14,FLT1,ETS1,HIF1AN,TCEB1,ARNT,VHL,ADORA2A
NCI-NATURE	Canonical NF-kappaB pathway PID	http://pid.nci.nih.gov/search/pathway_landing.shtml?pathway_id=200031&source=NCI-NATURE&what=graphic&jpg=on	CYLD,UBE2D3,TNFAIP3,NFKBIA,XPO1,MALT1,BIRC2,TRAF6,NOD2,PRKCA,RELA,RAN,TNF,IKBKG,NFKB1,SSPO,IKBKB,RIPK2,BCL10,CHUK,ATM,ERC1,TNFRSF1A
NCI-NATURE	E2F transcription factor network PID	http://pid.nci.nih.gov/search/pathway_landing.shtml?pathway_id=200032&source=NCI-NATURE&what=graphic&jpg=on	E2F1,RBBP4,ATM,CEBPA,CBX5,CREBBP,YY1,MYC,POLA1,E2F7,HIC1,RYBP,RRM2,KAT2B,UXT,RB1,CDK2,WASF1,HDAC1,MCL1,CDC6,E2F5,RBL1,CES5A,CDK1,PLAU,EP300,KAT2A,HBP1,SULT2A1,E2F2,RBL2,CES1,CCNE1,MYBL2,CES3,TOPBP1,SMARCA2,E2F3,CES4A,CES2,TRIM28,CES1P1,CDC25A,E2F6,CCND3,CDKN1A,RANBP1,BRCA1,TP73,XRCC1,SERPINE1,RRM1,CDKN2C,ORC1,CDKN1B,CCNE2,TFDP2,DHFR,TK1,APAF1,CCNA2,CASP7,SP1,SIRT1,TRRAP,PRMT5,TFE3,TYMS,MCM3,RBBP8,E2F4,TFDP1
NCI-NATURE	Integrin family cell surface interactions PID	http://pid.nci.nih.gov/search/pathway_landing.shtml?pathway_id=200039&source=NCI-NATURE&what=graphic&jpg=on	ITGA2B,ITGA3,ITGA8,ITGA5,ITGB1,ITGAE,ITGAL,ITGAM,ITGB5,ITGB8,ITGA11,ITGB4,ITGA4,ITGA6,ITGA2,ITGA10,ITGA1,ITGAD,ITGB2,ITGB3,ITGA7,ITGAV,ITGB6,ITGB7,ITGA9,ITGA4,ITGAX
NCI-NATURE	ATR signaling pathway PID	http://pid.nci.nih.gov/search/pathway_landing.shtml?pathway_id=200038&source=NCI-NATURE&what=graphic&jpg=on	HUS1,SSPO,CDC25C,FBXW11,MCM7,PPP2R1A,RPA2,CLSPN,CDC6,ATRIP,RAD17,FANCD2,RFC5,MCM2,MDM2,YWHAZ,SMARCAL1,RAD9A,CDC25A,RPA1,TIMELESS,PLK1,RFC3,YWHAB,TOPBP1,NBN,PPP2R2B,CDK2,RAD51,ATR,RAD1,RFC4,BRCA2,CHEK1,CCNA2,PPP2CA,TIPIN,RFC2,CEP164
NCI-NATURE	Sphingosine 1-phosphate (S1P) pathway PID	http://pid.nci.nih.gov/search/pathway_landing.shtml?pathway_id=200123&source=NCI-NATURE&what=graphic&jpg=on	ABCC1,GNA12,S1PR3,GNA15,GNAI2,SGPL1,SGPP1,GNAQ,GNAZ,S1PR2,GNAI1,S1PR4,SPHK2,GNA11,GNA14,GNAI3,SPHK1,S1PR1,S1PR5,GNA13,GNAO1
NCI-NATURE	Signaling events mediated by Stem cell factor receptor (c-Kit) PID	http://pid.nci.nih.gov/search/pathway_landing.shtml?pathway_id=200181&source=NCI-NATURE&what=graphic&jpg=on	MAPK3,PIK3C2B,HRAS,PTPN11,MAPK8,GRB10,BCL2,VAV1,PIK3R1,SOCS1,RPS6KB1,EPO,RAF1,GRAP2,AKT1,FOXO3,SHC1,TEC,JAK2,CBL,SPRED1,KIT,MAP4K1,PTEN,GAB1,GRB2,CREBBP,CRKL,SH2B2,GSK3B,EPOR,PIK3CA,SH2B3,STAT5A,LYN,PTPRO,PTPN6,FER,KITLG,MAP2K2,MAP2K1,PDPK1,SNAI2,SOS1,BAD,SPRED2,STAT3,DOK1,STAP1,MITF,MATK,STAT1
NCI-NATURE	Signaling mediated by p38-alpha and p38-beta PID	http://pid.nci.nih.gov/search/pathway_landing.shtml?pathway_id=200180&source=NCI-NATURE&what=graphic&jpg=on	PTGS2,MITF,KRT8,MEF2A,SLC9A1,ESR1,RPS6KA4,KRT19,MAPKAPK2,ATF2,MAPK11,JUN,GDI1,HSPB1,CEBPB,MAPKAPK5,ATF6,MAPK14,HBP1,CSNK2B,MKNK1,PLA2G4A,RPS6KA5,DDIT3,NOS2,EIF4E,EIF4EBP1,MAPKAPK3,ATF1,USF1,TP53,MEF2C,RAB5A,CSNK2A1,PPARGC1A,CREB1,CSNK2A2,ELK4
NCI-NATURE	EPO signaling pathway PID	http://pid.nci.nih.gov/search/pathway_landing.shtml?pathway_id=200183&source=NCI-NATURE&what=graphic&jpg=on	PIK3R1,BTK,SH2B3,RAP1A,IRS2,TRPC6,RAPGEF1,GAB1,CRKL,PTPN11,PLCG1,SOS1,BCL2,CBL,GRB2,SOCS3,PTPN6,NFKB1,EPO,VAV2,SHC1,STAT5B,BCL2L1,STAT5A,STAT1,EPOR,TEC,PLCG2,JAK2,HRAS,MAPK8,MAPK14,LYN
NCI-NATURE	Stabilization and expansion of the E-cadherin adherens junction PID	http://pid.nci.nih.gov/search/pathway_landing.shtml?pathway_id=200182&source=NCI-NATURE&what=graphic&jpg=on	CTNNB1,CDH1,AQP5,EGF,ENAH,CTNNA1,VCL,DIAPH1,NCKAP1,VASP,NCK1,EXOC3,ZYX,PLEKHA7,IGF1R,MET,STX4,HGF,ROCK1,EXOC4,LIMA1,MGAT3,PVRL2,RHOA,ABI1,CTNND1,PIP5K1C,CAMSAP3,MYL2,EGFR,ACTN1,KIFC3,CYFIP2,LPP,MYO6,GIT1,EPHA2,EFNA1,ARF6,AQP3
NCI-NATURE	Calcium signaling in the CD4+ TCR pathway PID	http://pid.nci.nih.gov/search/pathway_landing.shtml?pathway_id=200185&source=NCI-NATURE&what=graphic&jpg=on	IL4,PPP3R1,RCAN2,IL2,CALM1; CALM2; CALM3,NFATC2,PRKACA,POU2F1,IL3,PTGS2,FOSL1,FASLG,BATF3,PPP3CA,CD40LG,NFATC1,FOS,RCAN1,FKBP1A,AKAP5,JUNB,CSF2,PPP3CB,NFATC3,IL2RA,CABIN1,IFNG,CHP,JUN
NCI-NATURE	IL2 signaling events mediated by STAT5 PID	http://pid.nci.nih.gov/search/pathway_landing.shtml?pathway_id=200184&source=NCI-NATURE&what=graphic&jpg=on	IL2RA,CCND2,IL4,PRF1,BCL2L1,GRB2,LCK,CCND3,JAK1,JAK3,ELF1,STAT5B,BCL2,PTPN11,SOS1,SHC1,CCNA2,LTA,IL2,PIK3CA,FOXP3,MYC,GAB2,IL2RG,STAT5A,PIK3R1,CDK6,SP1,FASLG,IL2RB
NCI-NATURE	Effects of Botulinum toxin PID	http://pid.nci.nih.gov/search/pathway_landing.shtml?pathway_id=200187&source=NCI-NATURE&what=graphic&jpg=on	RAB3GAP2,SNAP25,STXBP1,STX1A,CHRNA1,UNC13B,VAMP2,RIMS1,SYT1
NCI-NATURE	Validated transcriptional targets of deltaNp63 isoforms PID	http://pid.nci.nih.gov/search/pathway_landing.shtml?pathway_id=200186&source=NCI-NATURE&what=graphic&jpg=on	TP63,WWP1,GPX2,CEBPD,POU2F2,STXBP4,ATM,FOSL2,RRAD,VDR,GSK3B,PPP2R5A,MDM2,GNB2L1,NRG1,PERP,SEC14L2,IGFBP3,CCNB2,TCF7L1,MRE11A,ITGA3,T,ITCH,HES1,BDKRB2,FASN,YAP1,SFN,ADRM1,DLX6,TOP2A,HELLS,BRCA2,RUNX1,KRT14,AXL,NOTCH1,IL1A,KRT5,DLX5,COL5A1,ADA,RAB38,HBP1
NCI-NATURE	PAR1-mediated thrombin signaling events PID	http://pid.nci.nih.gov/search/pathway_landing.shtml?pathway_id=200189&source=NCI-NATURE&what=graphic&jpg=on	PLCB2,ADRBK2,F2,PLCB1,GNA11,PRKCA,GNA13,ZYX,GNA14,VASP,PIK3CA,ARHGDIA,DNM2,ARHGEF1,GNAI2,GNA15,GNAQ,SNX2,GNAI1,GNB1,GNAZ,GNG2,NOS3,ROCK1,MYL2,RHOA,ROCK2,GNA12,AKAP13,TRPC6,PKN1,PRKCD,PRKCG,F2RL2,GNAI3,ARRB1,PIK3R1,F2R,DNM1,GNAO1,PLCB3,SNX1
NCI-NATURE	Signaling events mediated by VEGFR1 and VEGFR2 PID	http://pid.nci.nih.gov/search/pathway_landing.shtml?pathway_id=200188&source=NCI-NATURE&what=graphic&jpg=on	MAPK1,AKAP1,MAP2K2,ROCK1,PRKAA1,MAP2K6,PRKCA,KDR,CDH5,MAPK14,FYN,GRB10,GRB2,PIK3R1,CDC42,PTPRJ,HSP90AB1,MAPKAPK2,MAPK11,HGS,PTPN11,ARF1,MYOF,VCL,DNM2,ITGB3,PTPN6,NCK1,FBXW11,CALM1; CALM2; CALM3,CBL,PDPK1,MAP2K1,PRKACA,RAF1,NCK2,SH2D2A,PRKAB1,PRKAG1,VTN,MAP2K3,FLT1,CAMKK2,PIK3CA,PTK2B,PRKAA2,MAPK3,PLCG1,IQGAP1,SRC,ITGAV,GAB1,CTNNB1,PRKCD,AKT1,PAK2,CTNNA1,SHB,HSP90AA1,PXN,NOS3,NEDD4,CAV1,BRAF,FES,RHOA
NCI-NATURE	S1P2 pathway PID	http://pid.nci.nih.gov/search/pathway_landing.shtml?pathway_id=200211&source=NCI-NATURE&what=graphic&jpg=on	GNA13,FOS,GNAQ,GNAI2,PAK1,S1PR2,RAC1,CDH5,GNAI3,MAPK1,MAPK3,GNAZ,RHOA,JUN,GNA14,GNA11,GNAI1,MAPK8,MAPK14,IRS1,GNA15,GNA12,GNAO1,ELK1
NCI-NATURE	Cellular roles of Anthrax toxin PID	http://pid.nci.nih.gov/search/pathway_landing.shtml?pathway_id=200210&source=NCI-NATURE&what=graphic&jpg=on	TNF,ANTXR1,MAP2K7,PGR,CALM1; CALM2; CALM3,NLRP1,DEFA1; DEFA1B,MAPK3,VCAM1,MAP2K2,MAP2K1,CASP1,MAP2K6,IL18,ANTXR2,IL1B,MAP2K4,MAP2K3,MAPK1
NCI-NATURE	Trk receptor signaling mediated by the MAPK pathway PID	http://pid.nci.nih.gov/search/pathway_landing.shtml?pathway_id=200213&source=NCI-NATURE&what=graphic&jpg=on	MAPK1,RIT2,RUSC1,NRAS,MAP3K2,MEF2C,CDK5,TRPV1,RAP1B,MAP2K1,FOS,BRAF,NTF3,MAP2K6,MAP2K5,ELK1,MAPK7,PRKCD,RPS6KA1,EHD4,SRF,HRAS,MAPK14,MAP2K3,MAPKAPK2,MAPK3,RAP1A,EGR1,RAF1,RPS6KA5,RIT1,CDK5R1,CREB1
NCI-NATURE	Regulation of Ras family activation PID	http://pid.nci.nih.gov/search/pathway_landing.shtml?pathway_id=200212&source=NCI-NATURE&what=graphic&jpg=on	SOS2,RASGRP1,RASGRF1,NRAS,PRKCE,PRKCZ,RABGEF1,SOS1,RASGRF2,DAB2IP,CALM1; CALM2; CALM3,CAMK2B,PRKCB,RIN1,RASA2,RASA4,GRB2,NF1,RASAL1,SYNGAP1,RRAS,KRAS,RASGRP4,PLCE1,LGALS1,LGALS3,RASA1,RASGRP2,HRAS,PRKCA,RASGRP3
NCI-NATURE	Downstream signaling in na&#xef;ve CD8+ T cells PID	http://pid.nci.nih.gov/search/pathway_landing.shtml?pathway_id=200215&source=NCI-NATURE&what=graphic&jpg=on	CD3E,FOS,CD247,CALM1; CALM2; CALM3,IFNAR2,IFNA16,EGR4,PPP3R1,MAPK1,TNFRSF18,CD3D,PRKCQ,NFATC1,B2M,MAP2K1,RAF1,TNFRSF9,HRAS,JUN,PRF1,IFNA14,CD8B,CD8A,EGR1,FOSL1,NFATC3,FASLG,EOMES,TNF,ELK1,PRKCB,MAPK3,STAT4,NRAS,JUNB,IFNAR1,IFNA8,MAP2K2,IFNA2,TNFRSF4,IFNA6,IFNG,IFNA1; IFNA13,MAPK9,IL2RA,HLA-A,IFNA4,NFATC2,BRAF,MAPK8,IL2RG,PTPN7,PPP3CA,IL2,IFNA21,IFNA10,IFNA7,PRKCE,IFNA5,CD3G,GZMB,IFNA17,PRKCA,IL2RB,PPP3CB
NCI-NATURE	Trk receptor signaling mediated by PI3K and PLC-gamma PID	http://pid.nci.nih.gov/search/pathway_landing.shtml?pathway_id=200214&source=NCI-NATURE&what=graphic&jpg=on	PDPK1,BAD,YWHAH,EGR1,YWHAB,PIK3R1,PRKCD,FOXO3,GRB2,PLCG1,AGAP2,TRPV1,SHC1,SRC,GAB1,YWHAG,GSK3B,PIK3CA,CCND1,AKT1,YWHAE,CREB1,SOS1,NGF,CAMK2A,TRPC3,YWHAQ,SFN,YWHAZ,CAMK4,HRAS,NRAS,STAT5A,EPB41L1
NCI-NATURE	PLK3 signaling events PID	http://pid.nci.nih.gov/search/pathway_landing.shtml?pathway_id=200217&source=NCI-NATURE&what=graphic&jpg=on	CCNE1,CDC25C,PLK3,TP53,CHEK2
NCI-NATURE	EPHA2 forward signaling PID	http://pid.nci.nih.gov/search/pathway_landing.shtml?pathway_id=200216&source=NCI-NATURE&what=graphic&jpg=on	PIK3CA,PIK3R1,VAV3,EFNA1,INPPL1,ACP1,EPHA2,TIAM1,RHOA,SRC,GRB2,BCAR1,VAV2,RAC1,CBL,PAK1,ARHGAP35
NCI-NATURE	Alpha-synuclein signaling PID	http://pid.nci.nih.gov/search/pathway_landing.shtml?pathway_id=200219&source=NCI-NATURE&what=graphic&jpg=on	TOR1A,HCK,UBE2L3,PARK2,SRC,PTK2B,UCHL1,PRKCD,LCK,MAPK1,TH,PLD2,PPP2R5D,MAPK3,BAD,FGR,GRK5,BLK,MAOB,FKBP1A,SNCA,CSNK2A1,KLK6,FYN,PLD1,YES1,PLCB2,SLC6A3,STUB1,PARK7,SYK,LYN
NCI-NATURE	VEGFR3 signaling in lymphatic endothelium PID	http://pid.nci.nih.gov/search/pathway_landing.shtml?pathway_id=200218&source=NCI-NATURE&what=graphic&jpg=on	MAPK1,ITGA5,VEGFC,MAPK3,MAPK11,ITGA1,CRK,PIK3R1,COL1A2,FLT4,COL1A1,ITGB1,MAP2K4,PIK3CA,MAPK14,ITGA4,CREB1,ITGA2,SOS1,FIGF,GRB2,AKT1,FN1,RPS6KA1
NCI-NATURE	BARD1 signaling events PID	http://pid.nci.nih.gov/search/pathway_landing.shtml?pathway_id=200205&source=NCI-NATURE&what=graphic&jpg=on	NPM1,UBE2L3,TP53,CDK2,ATM,FANCD2,RAD51,FANCA,RBBP8,FANCE,FANCL,RAD50,FANCC,BARD1,BRCA1,ATR,FANCF,PRKDC,XRCC5,MRE11A,FANCG,EWSR1,UBE2D3,PCNA,CSTF1,NBN,TOPBP1,XRCC6,CCNE1
NCI-NATURE	N-cadherin signaling events PID	http://pid.nci.nih.gov/search/pathway_landing.shtml?pathway_id=200209&source=NCI-NATURE&what=graphic&jpg=on	DCTN1,PTPN1,PLCG1,CAMK2G,CDC42,CTNNA1,CDH2,RAC1,RHOA,PIK3R1,PIP5K1C,GAP43,PIK3CA,CTNND1,MAPK8,MAPRE1,GRIA2,LRP5,CALM1; CALM2; CALM3,FGFR1,AXIN1,JUP,DAGLB,KIF5B,DAGLA,GJA1,MYL2,GSN,ROCK1,CTNNB1,CNR1,PTPN11,CTTN,FER
NCI-NATURE	Fanconi anemia pathway PID	http://pid.nci.nih.gov/search/pathway_landing.shtml?pathway_id=200002&source=NCI-NATURE&what=graphic&jpg=on	PALB2,UBE2T,SSPO,HUS1,RPA2,FANCL,FANCM,FBXW11,FAAP100,BRCA1,RAD17,FAAP24,RAD9A,FANCD2,TOPBP1,ATRIP,FANCG,FANCC,CHEK1,APITD1,MRE11A,BRCA2,RFC3,XRCC3,FANCE,FANCI,FANCF,FAN1,TOP3A,FANCA,FANCB,RAD1,ATM,BRIP1,RFC4,H2AFX,RAD50,ATR,RPA1,NBN,BLM,RFC5,RMI1,HES1,USP1,WDR48,RFC2
NCI-NATURE	Regulation of nuclear SMAD2/3 signaling PID	http://pid.nci.nih.gov/search/pathway_landing.shtml?pathway_id=200003&source=NCI-NATURE&what=graphic&jpg=on	SMAD4,IL5,CREB1,CREBBP,SIN3B,NCOA2,SP1,RBBP4,E2F4,TCF3,DCP1A,SKI,RBL1,MED15,FOXO4,GATA3,SP3,HNF4A,FOXO3,IRF7,CITED1,FOXH1,MEF2C,TGIF1,SMAD7,CBFB,NR3C1,AR,E2F5,CTBP1,RUNX1,EP300,RUNX3,SAP30,FOXO1,ATF3,GSC,ATF2,SMAD3,SERPINE1,ESR1,KAT2A,CDK2,KAT2B,RUNX2,MYC,CDK4,CDKN2B,MAX,PIAS4,SMAD2,SNIP1,SIN3A,TFDP1,NCOR1,NKX2-5,FOS,TFE3,TGIF2,SKIL,IGHA1,LAMC1,COL1A2,DLX1,HDAC1,FOXG1,AKT1,VDR,HDAC2,HSPA8,ZBTB17,ITGB5,IFNB1,MYOD1,SAP18,IL10,RBBP7,PIAS3,JUN,CDKN1A,NCOA1,CEBPB
NCI-NATURE	Fc-epsilon receptor I signaling in mast cells PID	http://pid.nci.nih.gov/search/pathway_landing.shtml?pathway_id=200004&source=NCI-NATURE&what=graphic&jpg=on	SOS1,JUN,GRB2,PPAP2A,DOK1,PIK3R1,LYN,HRAS,RASA1,MAP2K1,PTPN13,AKT1,MAPK3,PLA2G4A,RAF1,PAK2,PLA2G1B,PRKCB,FCGR2B,BTK,LAT2,HCLS1,FYN,MAPK1,RELA,GAB2,DUSP1,SPHK1,IGHE,CHUK,CBLB,S1PR1,MAP3K1,PTPN11,LCP2,IKBKB,FCER1A,MS4A2,FCER1G,SYK,VAV1,FER,WIPF1,ITK,PIK3CA,MAP2K7,CBL,NFATC2,SHC1,MAP2K2,MAPK8,LAT,PLD2,MAP2K4,NFKB1,FOS,PXN,IKBKG,PLCG1
NCI-NATURE	Endothelins PID	http://pid.nci.nih.gov/search/pathway_landing.shtml?pathway_id=200005&source=NCI-NATURE&what=graphic&jpg=on	PLCB3,MAPK14,MMP1,ADCY9,SLC9A1,GNAL,FOS,EDNRB,SRC,PTK2B,COL3A1,CYSLTR2,PRKCQ,ADCY8,ADCY4,EDN3,PLA2G4A,BCAR1,GNAZ,ADCY7,COL1A2,GNA12,GNAQ,AKT1,CYSLTR1,EDNRA,MAP2K1,PRKCG,GNA11,GNAO1,GNA15,CRK,MAP2K2,GNA14,GNAI1,PRKCE,SLC9A3,RAF1,RHOA,JUN,JAK2,ADCY5,PRKCH,PRKCD,CDC42,ADCY6,ADCY2,GNAI2,ADCY3,MAPK8,TRPC6,EDN2,RAC1,PLCB1,GNAI3,MAPK1,HRAS,PLCB2,EDN1,ADCY1,MAPK3,PRKCA
NCI-NATURE	BCR signaling pathway PID	http://pid.nci.nih.gov/search/pathway_landing.shtml?pathway_id=200006&source=NCI-NATURE&what=graphic&jpg=on	IKBKG,BCL10,BLNK,PTPRC,HRAS,PAG1,PPP3CA,VAV2,CD19,NFKBIB,DAPP1,RASA1,BCL2A1,PDPK1,GRB2,DOK1,CD79A,PTPN6,SOS1,PTEN,MAPK3,AKT1,CHUK,CD72,MAPK8,PIK3CA,PPP3CC,MAP4K1,TRAF6,IKBKB,LYN,MAP3K7,CARD11,NFATC1,NFKB1,CALM1; CALM2; CALM3,CSNK2A1,PIK3R1,PPP3CB,CAMK2G,ETS1,CD22,FCGR2B,SH3BP5,MAP3K1,MAPK1,MAP2K1,JUN,RELA,IBTK,CSK,NFKBIA,SYK,ELK1,MALT1,SHC1,PLCG2,FOS,POU2F2,MAPK14,CD79B,RAC1,RAF1,BTK
NCI-NATURE	Signaling events mediated by PRL PID	http://pid.nci.nih.gov/search/pathway_landing.shtml?pathway_id=200007&source=NCI-NATURE&what=graphic&jpg=on	ITGA1,RABGGTA,CCNE1,MAPK3,RABGGTB,CDK2,TUBA1B,RHOC,ATF5,PTP4A2,ROCK1,SRC,BCAR1,EGR1,RHOA,ITGB1,PTP4A3,MAPK1,PTP4A1,CCNA2,CDKN1A,RAC1,AGT
NCI-NATURE	p63 transcription factor network PID	http://pid.nci.nih.gov/search/pathway_landing.shtml?pathway_id=200008&source=NCI-NATURE&what=graphic&jpg=on	
NCI-NATURE	RhoA signaling pathway PID	http://pid.nci.nih.gov/search/pathway_landing.shtml?pathway_id=200009&source=NCI-NATURE&what=graphic&jpg=on	MAP2K6,MKL1,PKN1,PKN2,PIP5K1A,MAP2K4,ROCK2,RHOA,PLD1,SLC9A3,EZR,MAP2K3,ITGB1,PRKCZ,VCL,PTEN,CDKN1B,F2RL2,FOS,CFL1,SLC9A1,DIAPH1,SCAI,ATF2,MSN,MAPK8,SH3GL2,PIP5K1B,ROCK1,SRF,TLN1,PIP5K1C,PARD6A,CYR61,JUN,RDX,MAPK12,CDC42,PPP1R12A,ACTA1,PLD2,LIMK1,MYL2,LIMK2
NCI-NATURE	TCR signaling in na&#xef;ve CD4+ T cells PID	http://pid.nci.nih.gov/search/pathway_landing.shtml?pathway_id=200027&source=NCI-NATURE&what=graphic&jpg=on	SHC1,RASGRP1,AKT1,CD3D,HLA-DRB1,HRAS,IKBKB,PRKCA,CD86,RASGRP2,SH3BP2,TRAF6,IKBKG,ZAP70,PTPN6,NRAS,CBL,ORAI1,WAS,FYN,PRKCB,CD3E,NCK1,CHUK,PAG1,CSK,FLNA,BCL10,SLA2,HLA-DRA,GAB2,PLCG1,RAP1A,LCK,RASSF5,LCP2,GRB2,CD80,GRAP2,MAP3K14,CD3G,PTPRC,PRKCQ,PTPN11,CD28,FYB,CD4,STK39,PTEN,ITK,CARD11,MAP3K8,PRKCE,MAP4K1,VAV1,TRPV6,CDC42,DBNL,PDPK1,CD247,SOS1,MALT1,STIM1
NCI-NATURE	Thromboxane A2 receptor signaling PID	http://pid.nci.nih.gov/search/pathway_landing.shtml?pathway_id=200082&source=NCI-NATURE&what=graphic&jpg=on	PRKCA,ADRBK1,RAB11A,GNB1,GNA14,ARHGEF1,LYN,PRKCE,FGR,RHOA,RAC1,BLK,VCAM1,PRKCQ,PRKCD,GNAQ,EGFR,PRKCZ,PRKACA,PTGDR,SELE,MAPK14,GNA12,AKT1,GNAI2,TGM2,NOS3,ROCK1,PIK3R5,SLC9A3R1,PLCB2,PIK3CG,SRC,SYK,YES1,PIK3R6,DNM1,ICAM1,LCK,ARR3,PRKCH,GNG2,FYN,HCK,MAPK11,ADRBK2,GNA11,PTGIR,GNB5,GNA15,GNA13,PRKCG,ARRB2,EGF
NCI-NATURE	SHP2 signaling PID	http://pid.nci.nih.gov/search/pathway_landing.shtml?pathway_id=200083&source=NCI-NATURE&what=graphic&jpg=on	EGFR,NTRK2,RHOA,GNAI3,IL2,NTF4,IL2RA,IL6R,IRS1,SOS1,ANGPT1,EGF,IFNG,NRAS,NOS3,PRKACA,FRS2,TEK,IL2RG,IFNGR1,STAT1,PDGFRB,GNAI1,BDNF,ARHGAP35,PIK3CA,PTPN11,JAK2,GRB2,MAP2K1,IL2RB,MLLT4,PDGFB,FRS3,PAG1,PIK3R1,SDC2,GAB2,JAK1,IGF1R,RAF1,LMO4,LCK,IL6ST,SHC1,IL6,KDR,MAP2K2,GAB1,HRAS,JAK3,NTF3,NGF
NCI-NATURE	Syndecan-4-mediated signaling events PID	http://pid.nci.nih.gov/search/pathway_landing.shtml?pathway_id=200134&source=NCI-NATURE&what=graphic&jpg=on	CXCR4,LAMA1,DNM2,PLG,FGF2,GIPC1,NUDT16L1,MDK,TNFRSF13B,F2,FZD7,TFPI,FGF6,MMP9,RHOA,ADAM12,ACTN1,THBS1,PRKCD,FN1,TNC,ITGA5,LAMA3,ITGB1,SDCBP,CCL5,SDC4,FGFR1,CXCL12,PRKCA,RAC1
NCI-NATURE	ATF-2 transcription factor network PID	http://pid.nci.nih.gov/search/pathway_landing.shtml?pathway_id=200135&source=NCI-NATURE&what=graphic&jpg=on	JUNB,CDK4,ESR1,NOS2,HRK,DDIT3,PDGFRA,H2AFY,BCL2,EP300,SOCS3,PLAU,IL23A,ARG1,MAPK8,GADD45A,DUSP1,JDP2,DUSP10,SELE,MAPK14,CBFB,DUSP8,MAPK1,TGFB2,IL8,RB1,PRKCA,MAPK3,CUL3,ACHE,CCND1,CCNA2,DUSP5,ATF3,RUVBL2,CREB1,KAT5,MMP2,JUN,JUND,IFNG,HES1,BRCA1,TH,POU2F1,MAPK11,ATF2,NF1,INS,MAPK9,SERPINB5,COL24A1,PPARGC1A,CSRP2,HBG2,FOS,IL6
NCI-NATURE	IL8-mediated signaling events PID	http://pid.nci.nih.gov/search/pathway_landing.shtml?pathway_id=200136&source=NCI-NATURE&what=graphic&jpg=on	IL8
NCI-NATURE	AP-1 transcription factor network PID	http://pid.nci.nih.gov/search/pathway_landing.shtml?pathway_id=200137&source=NCI-NATURE&what=graphic&jpg=on	DMP1,IL4,MYC,TP53,COL1A2,NPPA,CCL2,FOSL1,GATA2,EGR1,CBFB,IL5,CDKN1B,HLA-A,IL2,MAFG,JUND,PLAU,TH,MAF,SP1,NTS,GJA1,TCF7L2,MMP9,ETS1,MYB,ELF1,NFATC3,CREB1,IL6,MT2A,TIMP1,DUSP1,DMTF1,NR3C1,ATF2,FOSL2,TRIP6,ACTA1,COPS5,CDK1,CYR61,CRTC1,FABP4,BAG1,EDN1,IL10,BCL2L11,EP300,CSF2,CCND1,JUNB,NFATC1,MMP1,FOSB,TGFB1,IL8,ATF3,AGT,HIF1A,PTEN,FOS,ESR1,PENK,CTNNB1,IFNG,JUN,NFATC2
NCI-NATURE	Notch-mediated HES/HEY network PID	http://pid.nci.nih.gov/search/pathway_landing.shtml?pathway_id=200228&source=NCI-NATURE&what=graphic&jpg=on	MYB,CD4,PARP1,RBBP8,HEY2,ARNT,RBPJ,GAA,E2F1,PTF1A,MYOD1,CTBP1,ASCL1,CDKN1B,NCOA1,YY1,GATA4,HEY1,HES6,TLE1,SPEN,CREBBP,GHR,KDR,AR,NOTCH1,TCF3,RCAN1,HDAC1,MAML1,EP300,JAK2,NEUROG3,STAT3,NCOR2,RUNX2,GATA6,MAML2,NCOR1,BGLAP,CAMK2D,HIF1A,KDM1A,RB1,TWIST1,HES1,ID1,GATA1
NCI-NATURE	IL12 signaling mediated by STAT4 PID	http://pid.nci.nih.gov/search/pathway_landing.shtml?pathway_id=200229&source=NCI-NATURE&what=graphic&jpg=on	CD3D,MAPK9,IL18RAP,IL18,HLA-DRA,CD3G,STAT4,CD80,HLA-DRB1,IRF1,PIAS2,IL18R1,ETV5,CREBBP,PRF1,CD4,IL2,TGFB1,MAPK8,PPP3R1,JUN,TBX21,FOS,PPP3CB,CD28,CD86,STAT3,IFNG,IL2RA,CD3E,PPP3CA,IL13,CD247
NCI-NATURE	Lissencephaly gene (LIS1) in neuronal migration and development PID	http://pid.nci.nih.gov/search/pathway_landing.shtml?pathway_id=200132&source=NCI-NATURE&what=graphic&jpg=on	IQGAP1,CDC42,CSNK2A1,VLDLR,LRPAP1,NUDC,PAFAH1B2,CDK5,CDK5R2,ABL1,RAC1,YWHAE,CDK5R1,PLA2G7,CLIP1,LRP8,DAB1,DCX,MAP1B,PPP2R5D,NDEL1,RELN,PAFAH1B3,CALM1; CALM2; CALM3,DYNC1H1,KATNA1,DYNLT1,PAFAH1B1,RHOA
NCI-NATURE	ErbB1 downstream signaling PID	http://pid.nci.nih.gov/search/pathway_landing.shtml?pathway_id=200133&source=NCI-NATURE&what=graphic&jpg=on	BRK1,RIN1,EPS8,CYFIP2,RALGDS,MAP2K1,PPP2R1A,PLD1,YWHAE,RPS6,ACTR2,IQGAP1,PPP5C,STAT1,ARF4,F2RL2,ARPC4,HRAS,AKT1,CHN2,SRF,MAPK7,PRKCD,YWHAG,ATF1,DUSP6,JUN,RPS6KA4,RPS6KA5,BAIAP2,MAPK8,WASL,SH2D2A,SOS1,PEBP1,DIAPH3,YWHAQ,RPS6KA3,YWHAB,PRKCA,CAPN2,YWHAZ,PIK3R2,NRAS,PIK3CA,GAB1,RALA,BRAF,PPP2R2A,EGFR,MAPK1,SFN,SMAD1,PIK3R1,WASF2,MTOR,MAP2K5,MAPK3,RAB5A,MAPKAP1,PIK3R3,PIK3CB,SRC,KSR1,MAP3K1,PIK3CD,STAT3,PDPK1,PLD2,NCKAP1,RAF1,MAP2K4,MAP3K2,MEF2C,ARPC3,USP6NL,CREB1,VAV2,DUSP1,BAD,CDC42,ARPC5,YWHAH,ABI1,EGF,SLC9A1,RAC1,ZFP36,MAPK9,EGR1,RICTOR,MLST8,MYLPF,ATF2,PPP2CA,ARPC1B,GRB2,MAP2K2,ARPC2,PRKCZ,CALM1; CALM2; CALM3,ELK1,FOS,ACTR3
NCI-NATURE	Signaling events mediated by focal adhesion kinase PID	http://pid.nci.nih.gov/search/pathway_landing.shtml?pathway_id=200224&source=NCI-NATURE&what=graphic&jpg=on	FYN,GIT2,RAPGEF1,TLN1,ACTN1,ARHGEF11,ITGA5,PIK3R1,MAP2K4,RRAS,GRB7,ARHGAP35,SRC,VCL,CCND1,RASA1,WASL,YES1,NCK1,ITGB5,BCAR1,RAP1B,NCK2,ETS1,ELMO1,MMP14,PTPN21,RGNEF,PAK1,ARHGEF7,RAP1A,ITGB1,ACTA1,MAPK8IP3,PIK3CA,SOS1,CAPN2,ROCK2,RAC1,MAPK9,RHOA,ARHGAP26,SH3GL1,MAPK1,DOCK1,ASAP1,JUN,PLCG1,BMX,MAPK8,KLF8,PXN,BRAF,RAF1,ITGAV,MAP2K1,CRK,GRB2
NCI-NATURE	p75(NTR)-mediated signaling PID	http://pid.nci.nih.gov/search/pathway_landing.shtml?pathway_id=200122&source=NCI-NATURE&what=graphic&jpg=on	PSENEN,BCL2L11,PIK3CA,ZNF274,NDNL2,BEX1,RHOC,PRKCZ,CASP3,IKBKG,APP,MAPK9,RHOA,E2F1,MAPK10,APH1A,MAPK8,PRKCI,ADAM17,XIAP,IKBKB,PIK3R1,NTF3,NCSTN,OMG,BIRC3,CASP6,FURIN,NTF4,AKT1,NGF,RHOB,IRAK1,SQSTM1,BAD,BDNF,PSEN1,NGFR,MMP3,MAG,MAGEH1,YWHAE,DIABLO,MYD88,CHUK,TP53,ARHGDIA,APAF1,NGFRAP1,CASP9,BIRC2,MMP7,MAGED1,CYCS,PLG,TRAF6,SHC1,RIPK2,RTN4,APH1B,PRDM4,SMPD2,RTN4R,RAC1,SORT1,NDN
NCI-NATURE	FOXA1 transcription factor network PID	http://pid.nci.nih.gov/search/pathway_landing.shtml?pathway_id=200226&source=NCI-NATURE&what=graphic&jpg=on	INS,FOS,SFTPA1,NCOA3,CEBPB,VTN,CYP2C18,FOXA2,SOD1,NFIA,DSCAM,NKX3-1,EP300,NDUFV3,ESR1,AR,BRCA1,AP1B1,CDKN1B,SFTPD,NRIP1,COL18A1,SCGB1A1,GCG,JUN,NR2F2,PRDM15,FOXA1,POU2F1,CREBBP,KLK3,APOB,SHH,FOXA3,SP1,ATP5J,SFTPA2,XBP1,C4BPB,NFIC,TFF1,NFIB,SERPINA1,PISD
NCI-NATURE	TGF-beta receptor signaling PID	http://pid.nci.nih.gov/search/pathway_landing.shtml?pathway_id=200227&source=NCI-NATURE&what=graphic&jpg=on	EIF2A,PARD6A,NEDD4L,CTNNB1,OCLN,SPTBN1,RPS6KB1,TAB2,TGFB3,CAV1,TGFB1,GRB2,RNF111,PPP2CA,PPP2CB,SMURF1,SMAD7,DAXX,WWP1,TGFB2,DAB2,PDPK1,SOS1,AXIN1,ITCH,RHOA,PPP2R2A,TGFBR1,SMURF2,YWHAE,ZFYVE16,PML,SMAD2,PPP1CA,DACT2,CTGF,STRAP,PPP1R15A,FKBP1A,ARRB2,SMAD4,CAMK2A,SMAD3,DYNLRB1,SKIL,SHC1,MAP3K7,TAB1,XIAP,BAMBI,ZFYVE9,YAP1,TGFBR2,TGFBR3
NCI-NATURE	FGF signaling pathway PID	http://pid.nci.nih.gov/search/pathway_landing.shtml?pathway_id=200220&source=NCI-NATURE&what=graphic&jpg=on	STAT1,AKT1,PIK3R1,JUN,FGFR1,FGF23,PLAUR,GAB1,FGF18,PLCG1,FGFR2,FGF2,FGF1,PDPK1,IL17RD,MAPK1,RUNX2,RPS6KA1,PLAU,CTNND1,SSH1,STAT5B,PTK2B,FGF17,CBL,CDH2,CAMK2A,CDH1,KLB,PTPN11,FGF9,MAPK3,FGF4,SRC,FGF8,SPRY2,SPP1,FOS,MET,NCAM1,MMP9,FRS2,SHC1,BGLAP,SDC2,FGF6,GRB2,HGF,CTTN,PIK3CA,SOS1,FGFR4,FGF19,PAK4
NCI-NATURE	Urokinase-type plasminogen activator (uPA) and uPAR-mediated signaling PID	http://pid.nci.nih.gov/search/pathway_landing.shtml?pathway_id=200139&source=NCI-NATURE&what=graphic&jpg=on	ELANE,MMP12,MMP3,PDGFD,VTN,FGA,VLDLR,TGFB1,ITGA5,GPLD1,KLK4,FPR1,LRP1,FN1,PDGFRB,NCL,ITGB5,ITGAM,RAC1,ITGB3,CRK,DOCK1,EGFR,HGF,PLAUR,PLG,PLAU,CTSG,MMP9,FPR3,SERPINE1,FGB,MMP13,BCAR1,FGG,CTRC,ITGB1,ITGB2,SRC,ITGA3,ITGAV,FPR2
NCI-NATURE	RAC1 signaling pathway PID	http://pid.nci.nih.gov/search/pathway_landing.shtml?pathway_id=200222&source=NCI-NATURE&what=graphic&jpg=on	ABI1,PAK2,ARPC3,BCAR1,MAPK9,STAT3,ARPC2,ARHGDIA,RACGAP1,NCKAP1,ARPC4,NCF2,MAP3K11,CTNNA1,NOXO1,ACTR2,CYBA,RAC1,CYFIP2,ARPC5,CTNNB1,IQGAP1,CFL1,STAT5A,PIP5K1C,MAP2K6,JUN,MAP2K7,ABI2,CRK,MAP2K4,ARPC1B,CDH1,MAPK8,NOX1,BRK1,PAK1,NOXA1,PIP5K1B,ACTR3,BAIAP2,ATF2,PLCB2,MAPK14,ARHGAP5,NCF1,LIMK1,IQGAP3,CYBB,MAP3K1,WASF2,PIP5K1A,WASF1,MAP2K3
NCI-NATURE	Regulation of retinoblastoma protein PID	http://pid.nci.nih.gov/search/pathway_landing.shtml?pathway_id=200223&source=NCI-NATURE&what=graphic&jpg=on	PPP2CA,SMARCB1,TGFB2,RBP2,CCNE1,CDKN1A,RAF1,JUN,BRD2,BGLAP,CREBBP,CBX4,CEBPA,CDK4,SPI1,TBP,ATF2,RUNX2,SMARCA4,MAPK14,TFDP1,DNMT1,CKM,CTBP1,ATF7,E2F2,PAX3,MITF,UBTF,MET,SUV39H1,SFTPD,MAPK11,CCND3,SKP2,RBBP4,ELF1,ABL1,EP300,HDAC3,CCNA2,E2F3,PPARG,E2F1,CCND1,CEBPD,CDKN1B,CDK2,MYOD1,HDAC1,TAF1,CDK6,CCND2,MAPK9,MDM2,GSC,E2F4,SIRT1,AATF,RB1,MEF2C,PPP2R3B,CEBPB,CSF2
NCI-NATURE	Syndecan-1-mediated signaling events PID	http://pid.nci.nih.gov/search/pathway_landing.shtml?pathway_id=200156&source=NCI-NATURE&what=graphic&jpg=on	COL9A3,COL11A2,COL6A3,COL8A2,SDCBP,PRKACA,MET,COL13A1,MAPK1,MAPK3,SDC1,COL7A1,MMP1,COL11A1,COL1A2,COL2A1,HPSE,COL5A2,PPIB,COL4A3,COL16A1,COL12A1,COL10A1,CASK,COL5A1,COL4A5,COL3A1,COL4A4,COL14A1,BSG,TGFB1,COL8A1,CCL5,MMP9,COL4A1,COL6A2,MMP7,COL15A1,COL6A1,LAMA5,COL9A1,HGF,COL9A2,COL1A1,COL17A1,COL4A6
NCI-NATURE	p38 signaling mediated by MAPKAP kinases PID	http://pid.nci.nih.gov/search/pathway_landing.shtml?pathway_id=200157&source=NCI-NATURE&what=graphic&jpg=on	SRF,YWHAB,HSPB1,MAPK11,YWHAQ,YWHAZ,LSP1,YWHAH,CDC25B,MAPKAPK3,TSC2,TH,YWHAE,MAPK14,RAF1,YWHAG,MAPKAPK2,CREB1,ETV1,SFN,TCF3
NCI-NATURE	IL23-mediated signaling events PID	http://pid.nci.nih.gov/search/pathway_landing.shtml?pathway_id=200154&source=NCI-NATURE&what=graphic&jpg=on	IL1B,IL12RB1,IL17A,IL18RAP,IL2,ALOX12B,SOCS3,IL12B,CD4,IL6,TNF,PIK3CA,NFKBIA,PIK3R1,JAK2,ITGA3,STAT4,CXCL9,TYK2,STAT1,IL17F,CXCL1,IL18,NOS2,IL19,NFKB1,IL23R,STAT3,RELA,IL23A,STAT5A,IFNG,IL24,CCL2,MPO,CD3E,IL18R1
NCI-NATURE	HIV-1 Nef: Negative effector of Fas and TNF-alpha PID	http://pid.nci.nih.gov/search/pathway_landing.shtml?pathway_id=200155&source=NCI-NATURE&what=graphic&jpg=on	BAG4,CFLAR,FAS,BID,CASP7,BIRC3,BCL2,MAP3K14,DAXX,MAPK8,CRADD,CASP3,CASP9,TNFRSF1A,FADD,APAF1,TRAF2,FASLG,TNF,CHUK,RIPK1,CASP8,CD247,DFFA,MAP3K5,CYCS,NFKB1,TRADD,RELA,CASP6,DFFB,CASP2,NFKBIA,MAP2K7,TRAF1
NCI-NATURE	Nephrin/Neph1 signaling in the kidney podocyte PID	http://pid.nci.nih.gov/search/pathway_landing.shtml?pathway_id=200152&source=NCI-NATURE&what=graphic&jpg=on	AKT1,PIK3R1,KIRREL,NCK1,RAC1,TRPC6,PRKCI,NPHS1,PARD6A,PIK3CD,PIK3R3,FYN,NPHS2,MAP2K4,F2RL2,PIK3CB,WASL,GRB2,TJP1,BAD,JUN,NCK2,CD2AP,MAPK8,PIK3CA,ARRB2,PIK3R2,PLCG1,PRKCZ,MAPK10,MAPK9
NCI-NATURE	C-MYB transcription factor network PID	http://pid.nci.nih.gov/search/pathway_landing.shtml?pathway_id=200153&source=NCI-NATURE&what=graphic&jpg=on	MAD1L1,CEBPB,MAF,CDK6,GSTM1,CSF1R,TFEC,MAT2A,CCNB1,COL1A2,CREBBP,ADA,HSPA8,EP300,UBE2I,CASP6,TAB1,COPA,PTGS2,SMARCA2,CCND1,ANPEP,CD34,SP1,KIT,PIAS3,ADORA2B,SIN3A,ETS1,KITLG,MYC,PAX5,TAB2,MPO,H2AFZ,SPI1,NLK,PRTN3,BCL2,CEBPA,LECT2,CA1,RAG2,SND1,SLC25A3,ETS2,HES1,TOM1,CBX4,CD4,CEBPD,PTCRA,ATP2B1,WNT1,GATA3,MYF6,GATA1,MAP3K7,SKI,ELANE,LYZ,NRAS,HRAS,PPP3CA,MYOD1,BIRC3,TRIM28,CCNA1,ZFPM1,YEATS4,IQGAP1,CDKN1B,MYB,CDKN1A,HIPK2,PIM1,PPID,CLTA,NCOR1,LEF1,MCM4
NCI-NATURE	Neurotrophic factor-mediated Trk receptor signaling PID	http://pid.nci.nih.gov/search/pathway_landing.shtml?pathway_id=200150&source=NCI-NATURE&what=graphic&jpg=on	DOCK1,ABL1,MAGED1,DNAJA3,RHOA,CRKL,TIAM1,MAPK1,HRAS,CRK,NTRK3,RASGRF1,SH2B1,RHOG,CCND1,SOS1,NEDD4L,FRS2,RAPGEF1,EHD4,MAP2K1,RAC1,NTF4,PLCG1,GAB2,SQSTM1,GRB2,SHC3,RIT2,CDC42,PRKCI,RAP1B,STAT3,DNM1,PTPN11,RASA1,SHC2,ELMO1,NTRK1,NGFR,NTRK2,FRS3,PIK3CA,NRAS,BDNF,FAIM,PRKCZ,SHC1,NGF,MATK,NTF3,GAB1,MCF2L,PIK3R1,MAPK3,RGS19,RAP1A,RIT1,GIPC1,DYNLT1
NCI-NATURE	p38 MAPK signaling pathway PID	http://pid.nci.nih.gov/search/pathway_landing.shtml?pathway_id=200018&source=NCI-NATURE&what=graphic&jpg=on	TAOK1,GADD45B,TAB1,MAP3K5,MAP3K10,TXN,MAP3K3,MAP3K7,TAB2,MAP3K6,TRAF2,TRAF6,MAP2K6,MAP3K4,TAOK3,CCM2,MAPK11,MAP2K3,CAMK2B,RAC1,GADD45G,GADD45A,MAP3K1,MAPK14,ATM,CALM1; CALM2; CALM3,TAOK2
NCI-NATURE	p73 transcription factor network PID	http://pid.nci.nih.gov/search/pathway_landing.shtml?pathway_id=200017&source=NCI-NATURE&what=graphic&jpg=on	TP53I3,ADA,FAS,PML,GRAMD4,NSG1,PFDN5,WT1,EP300,PPAP2A,GATA1,YAP1,GDF15,FBXO45,RCHY1,BAX,IL4R,MDM2,FLOT2,PLK3,CCNB1,S100A2,AFP,RNF43,MAPK11,KAT5,CDK6,SERPINE1,WWOX,BRCA2,CCNA2,GNB2L1,SIRT1,PIN1,BUB3,MYC,AEN,CDK1,MAPK14,DEDD,BBC3,CLCA2,JAG2,ABL1,PRKACB,CDK2,DCP1B,BCL2L11,PLK1,SFN,HEY2,JAK1,RELA,NDUFS2,ITCH,NEDD4L,PEA15,SP1,HAGH,TP53AIP1,RB1,RAD51,FASN,CHEK1,BAK1,HSF1,UBE4B,SERPINA1,CCNE2,BUB1,FOXO3,TUBA1A,CDKN1A
NCI-NATURE	Beta1 integrin cell surface interactions PID	http://pid.nci.nih.gov/search/pathway_landing.shtml?pathway_id=200016&source=NCI-NATURE&what=graphic&jpg=on	ITGA3,ITGA9,COL4A4,IGSF8,COL5A1,COL11A1,ITGA7,CD81,NID1,VTN,TGFBI,PLAU,LAMB1,COL4A1,ITGB1,COL7A1,LAMA4,LAMA1,ITGA5,COL6A2,THBS2,PLAUR,COL2A1,COL4A5,ITGA10,COL1A1,LAMA2,COL5A2,SPP1,COL18A1,LAMC1,ITGA4,COL4A3,VCAM1,CD14,COL3A1,THBS1,ITGA11,COL1A2,LAMC2,LAMA3,CSPG4,FGA,COL6A1,LAMB3,FBN1,MDK,FN1,ITGA1,ITGAV,COL4A6,LAMA5,FGB,COL6A3,TGM2,F13A1,ITGA2,LAMB2,JAM2,FGG,ITGA6,COL11A2,TNC,ITGA8,NPNT
NCI-NATURE	Notch signaling pathway PID	http://pid.nci.nih.gov/search/pathway_landing.shtml?pathway_id=200015&source=NCI-NATURE&what=graphic&jpg=on	NCOR1,NOTCH1,DTX1,FURIN,SSPO,DLL1,DNM1,PTCRA,RAB11A,NEURL,CTBP1,FBXW7,NUMB,CBL,MFAP2,MYCBP,DLL4,MAML1,SPEN,MYC,SKP2,CNTN6,NOTCH2,PSEN1,MAML2,YY1,GATA3,ENO1,ITCH,IL4,APH1B,LNX1,NCOR2,RBPJ,CDKN1A,JAG2,ADAM12,DLK1,EPS15,DNER,SKP1,NOTCH3,RBBP8,NOTCH4,JAG1,APH1A,DLL3,PSENEN,MFAP5,NCSTN,CCND1,EP300,HDAC1,MARK2,MIB1,ADAM10,CUL1,CNTN1,KDM1A
NCI-NATURE	Insulin Pathway PID	http://pid.nci.nih.gov/search/pathway_landing.shtml?pathway_id=200014&source=NCI-NATURE&what=graphic&jpg=on	PARD6A,EXOC6,GRB10,PRKCI,EXOC5,EXOC3,EXOC1,RASA1,SHC1,EXOC7,SH2B2,CBL,SORBS1,PDPK1,INS,AKT2,EIF4EBP1,NCK2,TRIP10,SOS1,HRAS,RAPGEF1,INSR,NCK1,PTPN1,EXOC2,IRS1,PIK3R1,PTPN11,DOK1,FOXO3,EXOC4,CAV1,GRB2,AKT1,SGK1,GRB14,RPS6KB1,F2RL2,PRKCZ,RHOQ,PTPRA,PIK3CA
NCI-NATURE	LPA receptor mediated events PID	http://pid.nci.nih.gov/search/pathway_landing.shtml?pathway_id=200013&source=NCI-NATURE&what=graphic&jpg=on	BCAR1,PLCB3,GNAI3,GSK3B,RELA,PTK2,ADCY1,LYN,ADCY7,PLD2,GNA12,HRAS,ADCY4,ADCY2,NFKBIA,NFKB1,ADCY8,EGFR,LPAR3,LPAR1,LPAR4,ADRA1B,GNB1,CRK,PRKCD,IL6,AKT1,PLCG1,TIAM1,ARHGEF1,GNA14,GNA11,LPAR2,ADCY9,RHOA,MMP9,GNAZ,GNAO1,PIK3CB,MMP2,PIK3R1,GNAI1,PTK2B,PRKCE,PXN,PRKD1,FOS,IL8,GAB1,ADCY6,JUN,RAC1,GNAI2,ADCY5,GNA13,GNAQ,MAPT,ADCY3,HBEGF,CASP3,GNA15,SRC,GNG2,TRIP6,SLC9A3R2
NCI-NATURE	Aurora B signaling PID	http://pid.nci.nih.gov/search/pathway_landing.shtml?pathway_id=200012&source=NCI-NATURE&what=graphic&jpg=on	PPP1CC,KIF23,NCAPH,SGOL1,STMN1,AURKC,MYLK,SMC2,RHOA,BIRC5,KIF2C,NCL,CBX5,CDCA8,SEPT1,VIM,DES,KLHL9,RACGAP1,AURKA,INCENP,PSMA3,NSUN2,NCAPD2,RASA1,KLHL13,BUB1,NDC80,SMC4,NCAPG,AURKB,KIF20A,TACC1,PPP2R5D,PEBP1,CENPA,EVI5,CUL3,NPM1
NCI-NATURE	ErbB4 signaling events PID	http://pid.nci.nih.gov/search/pathway_landing.shtml?pathway_id=200011&source=NCI-NATURE&what=graphic&jpg=on	LRIG1,NEDD4,FYN,STAT5A,ITCH,DLG4,MDM2,TAB2,YAP1,PIK3R1,EREG,BTC,PIK3R2,PIK3R3,STAT5B,WWP1,CBFA2T3,PIK3CA,WWOX,MAPK3,HBEGF,JAK2,PRL,MAPK1,PIK3CD,PRLR,NCOR1,PIK3CB,GRB2,GRIN2B,ADAM17,SHC1,ERBB2,NRG4,NRG3
NCI-NATURE	ErbB receptor signaling network PID	http://pid.nci.nih.gov/search/pathway_landing.shtml?pathway_id=200159&source=NCI-NATURE&what=graphic&jpg=on	ERBB2,NRG4,EGFR,HBEGF,AREG; AREGB,BTC,TGFA,NRG3,EGF,NRG2,HSP90AA1,EREG,ERBB3
NCI-NATURE	CDC42 signaling events PID	http://pid.nci.nih.gov/search/pathway_landing.shtml?pathway_id=200069&source=NCI-NATURE&what=graphic&jpg=on	ARHGDIA,PLD1,DIAPH3,MAPK8,F2RL2,APC,TNK2,MTOR,MAP2K3,PIK3CA,EPS8,PRKCE,PAK2,TIAM1,CDC42BPA,VAV2,CTNNA1,HES5,RPS6KB1,MAPK1,ENAH,MYL2,SRC,LIMK1,MAPK9,ACTR2,BCAR1,ARHGEF6,IQGAP3,ARHGEF7,MAPK3,ARPC5,PRKCZ,ATF2,PAK4,MAP2K4,ARPC1B,WASL,ARPC3,MAP2K6,PAK1,JUN,RAC1,GSK3B,MAP3K11,CDH1,YES1,BRAF,RASGRF1,MAP3K1,PARD6A,ARPC2,DLG1,ACTR3,CTNNB1,RAF1,PAX6,LIMK2,PIK3R1,ARPC4,MAP2K7,HRAS,CDC42,CFL1,MAPK14,BAIAP2,IQGAP1,SEPT2,CBL,EXOC7
NCI-NATURE	Netrin-mediated signaling events PID	http://pid.nci.nih.gov/search/pathway_landing.shtml?pathway_id=200088&source=NCI-NATURE&what=graphic&jpg=on	NTN1,WASL,CDC42,TRIO,PLCG1,FYN,NCK1,UNC5C,PAK1,BCAR1,UNC5B,MAPK3,PITPNA,YES1,RAC1,MYO10,CAMK2A,MAP2K2,PIK3R1,DCC,DOCK1,RHOA,PIK3CA,MAP1B,ELMO1,MAP2K1,DAPK1,MAPK1,UNC5A,SRC
NCI-NATURE	IL1-mediated signaling events PID	http://pid.nci.nih.gov/search/pathway_landing.shtml?pathway_id=200089&source=NCI-NATURE&what=graphic&jpg=on	UBE2N,MAP2K6,PIK3CA,CHUK,NFKB1,IKBKG,TRAF6,IL1R2,MAP3K3,RELA,MAP3K7,SQSTM1,PRKCI,IKBKB,TAB2,MYD88,PRKCZ,UBE2V1,IRAK1,JUN,IL1B,MAPK8,TICAM2,ERC1,IRAK4,TAB1,PIK3R1,CASP1,IL1R1,IL1RN,IL1A,TOLLIP,IRAK3
NCI-NATURE	Regulation of Androgen receptor activity PID	http://pid.nci.nih.gov/search/pathway_landing.shtml?pathway_id=200121&source=NCI-NATURE&what=graphic&jpg=on	NCOA1,AR,RCHY1,HDAC7,HDAC1,RXRA,APPBP2,KAT2B,GATA2,POU2F1,NR2C2,NCOA2,FOXO1,EGR1,MAP2K4,PKN1,CARM1,EP300,GSK3B,MDM2,HSP90AA1,SPDEF,SENP1,SIRT1,MAPK8,HOXB13,CREBBP,CEBPA,SRY,KAT7,EHMT2,SRC,NR3C1,TRIM24,SMARCE1,REL,KAT5,ZMIZ2,SMARCC1,TMPRSS2,GNB2L1,PDE9A,MAPK14,KLK2,DNAJA1,NR0B1,RXRG,JUN,NR2C1,KLK3,SMARCA2,MAP2K6
NCI-NATURE	Direct p53 effectors PID	http://pid.nci.nih.gov/search/pathway_landing.shtml?pathway_id=200120&source=NCI-NATURE&what=graphic&jpg=on	DDIT4,FDXR,TNFRSF10A,CCNK,DROSHA,JMY,SERPINB5,E2F3,IGFBP3,GPX1,ATF3,MAP4K4,BNIP3L,ZNF385A,TSC2,BCL2L14,FOXA1,BCL2,TP63,RNF144B,TP53,CASP1,MMP2,TIGAR,TP73,TNFRSF10D,PERP,SP1,BBC3,PRKAB1,TYRP1,CEBPZ,NFYB,E2F2,PYCARD,MLH1,PCNA,SMARCA4,BAK1,JUN,CARM1,VCAN,DUSP1,TAF9,RFWD2,RPS27L,SESN1,AFP,HSPA1A; HSPA1B,CSE1L,IRF5,PRDM1,NFYA,CCNG1,MDM2,CD82,MET,PTEN,PPM1J,STEAP3,TFDP1,CAV1,TAP1,POU4F1,CCNB1,CX3CL1,FAS,ARID3A,HGF,PML,DDX5,BDKRB2,TP53I3,HIC1,GADD45A,TGFA,APC,DGCR8,NFYC,SERPINE1,PRMT1,BTG2,SH2D1A,BAX,BCL2A1,TRIAP1,RB1,VDR,RGCC,AIFM2,TRRAP,TNFRSF10B,EP300,HTT,NDRG1,MSH2,PPP1R13B,DDB2,CASP10,GDF15,PIDD,SPP1,LIF,TNFRSF10C,CASP6,EGFR,PLK3,TP53INP1,RRM2B,SCN3B,SNAI2,DKK1,CTSD,EPHA2,COL18A1,RCHY1,PCBP4,SFN,BCL2L2,E2F1,POU4F2,BCL6,BID,PMS2,S100A2,DUSP5,CDKN1A,APAF1,CREBBP,TP53BP2,TADA2B,HDAC2,MCL1,EDN2,NLRC4,PMAIP1
NCI-NATURE	amb2 Integrin signaling PID	http://pid.nci.nih.gov/search/pathway_landing.shtml?pathway_id=200127&source=NCI-NATURE&what=graphic&jpg=on	JAM3,HCK,IL6,ROCK1,MYH2,BLK,JAM2,RAP1B,AGER,ITGB2,PRKCZ,LRP1,PLG,LYN,APOB,SELP,AKT1,TNF,LCK,MMP2,LPA,FYN,MST1,SRC,THY1,PLAU,RAP1A,TLN1,MST1R,RHOA,FGR,MMP9,PLAT,NFKB1,SELPLG,ITGAM,YES1,PLAUR,HMGB1,CTGF,ICAM1
NCI-NATURE	Glypican 2 network PID	http://pid.nci.nih.gov/search/pathway_landing.shtml?pathway_id=200126&source=NCI-NATURE&what=graphic&jpg=on	MDK,GPC2
NCI-NATURE	Alpha6 beta4 integrin-ligand interactions PID	http://pid.nci.nih.gov/search/pathway_landing.shtml?pathway_id=200125&source=NCI-NATURE&what=graphic&jpg=on	LAMB1,LAMB3,ITGA6,LAMC2,LAMC1,LAMA2,ITGB4,LAMA3,LAMB2,LAMA1,LAMA5
NCI-NATURE	E-cadherin signaling in the nascent adherens junction PID	http://pid.nci.nih.gov/search/pathway_landing.shtml?pathway_id=200124&source=NCI-NATURE&what=graphic&jpg=on	RAC1,PIK3CA,JUP,CCND1,AKT1,WASF2,CSNK2A2,DLG1,CTNNA1,RAP1A,CRK,RAPGEF1,ABI1,TJP1,RAP1B,ITGB7,PIP5K1C,CTNND1,CSNK2B,ARF6,AP1M1,TIAM1,CYFIP2,ENAH,CTNNB1,RHOA,CDH1,IQGAP1,PIK3R1,KLHL20,ITGAE,SRC,CDC42,NME1,VAV2,CTTN,CSNK2A1,NCKAP1
NCI-NATURE	FAS (CD95) signaling pathway PID	http://pid.nci.nih.gov/search/pathway_landing.shtml?pathway_id=200080&source=NCI-NATURE&what=graphic&jpg=on	MAPK14,CLTC,MAPK10,MAPK9,PIK3CA,PIK3R2,PDPK1,BIRC2,CASP8,FADD,PIK3CB,BID,MAP3K1,CASP10,AKT1,RFC1,FAIM2,FASLG,SRC,BTK,RIPK1,EZR,MAPK11,PIK3R1,CHUK,CASP3,PIK3CD,IKBKG,MAPK8,SYK,PIK3R3,CFLAR,MAP2K7,SMPD1,BIRC3,FAS,IKBKB,MAP2K6
NCI-NATURE	Circadian rhythm pathway PID	http://pid.nci.nih.gov/search/pathway_landing.shtml?pathway_id=200081&source=NCI-NATURE&what=graphic&jpg=on	ATR,NPAS2,PER2,CSNK1E,TIMELESS,ARNTL,BHLHE40,CHEK1,CRY2,NR1D1,WDR5,CRY1,DEC1,CLOCK,NONO,PER1
NCI-NATURE	IFN-gamma pathway PID	http://pid.nci.nih.gov/search/pathway_landing.shtml?pathway_id=200129&source=NCI-NATURE&what=graphic&jpg=on	MTOR,CAMK2D,IFNG,SOCS1,IFNGR1,CRKL,IL1B,SMAD7,MAP3K11,IRF9,PIAS4,STAT1,CREBBP,RAP1A,PIK3CA,CALM1; CALM2; CALM3,JAK2,JAK1,PTPN11,MAPK1,IRF1,STAT3,MAP3K1,DAPK1,RAPGEF1,PTGES2,EP300,MAP2K1,PIK3R1,PIAS1,MAPK3,RAP1B,PRKCD,CAMK2B,CBL,CAMK2A,CAMK2G,CEBPB,AKT1,CASP1
NCI-NATURE	Integrins in angiogenesis PID	http://pid.nci.nih.gov/search/pathway_landing.shtml?pathway_id=200128&source=NCI-NATURE&what=graphic&jpg=on	ANGPTL3,PXN,ITGAV,PIK3R1,COL1A2,COL5A2,SRC,MAPK3,MAPK1,CDKN1B,COL11A2,HSP90AA1,CBL,PI4KB,COL5A1,TGFBR2,COL16A1,PTK2B,COL8A2,SDC1,ITGB3,RAC1,COL8A1,COL6A3,PTPN11,COL2A1,COL4A3,TLN1,MFGE8,COL13A1,COL10A1,FGF2,VAV3,COL6A1,RPS6KB1,EDIL3,COL11A1,CSF1R,COL4A5,ROCK1,PIK3C2A,COL15A1,IRS1,PI4KA,VTN,COL9A2,PIK3CA,AKT1,COL4A1,COL17A1,COL7A1,COL1A1,IGF1R,CASP8,COL9A3,COL6A2,RHOA,VEGFA,SPP1,COL9A1,COL4A6,F11R,BCAR1,CSF1,COL14A1,COL3A1,FN1,ILK,KDR,COL12A1,GPR124,COL4A4,VCL
NCI-NATURE	Signaling events mediated by HDAC Class I PID	http://pid.nci.nih.gov/search/pathway_landing.shtml?pathway_id=200084&source=NCI-NATURE&what=graphic&jpg=on	MBD3,CREBBP,SIN3A,CHD3,SMAD7,STAT3,TNFRSF1A,PRKACA,MXD1,SIRT2,WDR77,FKBP3,RAN,SUMO1,SIRT5,YY1,NCOR2,HDAC6,MBD3L2,RANGAP1,HDAC1,RANBP2,RELA,NR2C1,HDAC9,RBBP4,RBBP7,HDAC3,NCOR1,SMURF1,SMG5,KAT2B,ZFPM1,HDAC10,HDAC4,MBD2,PRMT5,MTA2,NFKB1,NFKBIA,TFCP2,UBE2I,PPARG,MAX,CHD4,TNF,GATAD2B,SIRT3,SIRT4,HDAC2,GATA2,SAP18,HDAC11,SIN3B,XPO1,SAP30,SIRT6,SIRT1,GATA1,HDAC7,SIRT7,GATAD2A,SSPO,EP300,HDAC8,HDAC5
NCI-NATURE	S1P1 pathway PID	http://pid.nci.nih.gov/search/pathway_landing.shtml?pathway_id=200085&source=NCI-NATURE&what=graphic&jpg=on	PLCG1,RHOA,KDR,GNAO1,PTGS2,MAPK1,S1PR1,VEGFA,ITGAV,SPHK1,RAC1,ITGB3,GNAZ,PLCB2,PDGFRB,ABCC1,GNAI2,PDGFB,GNAI3,MAPK3,GNAI1
NCI-NATURE	Regulation of Telomerase PID	http://pid.nci.nih.gov/search/pathway_landing.shtml?pathway_id=200086&source=NCI-NATURE&what=graphic&jpg=on	RAD1,RPS6KB1,ESR1,IRF1,CDKN1B,EGFR,MAPK1,SMG5,TERF2,ATM,YWHAE,NBN,IL2,FOS,UBE3A,WRN,WT1,RBBP7,HDAC2,E2F1,RAD50,NFKB1,MYC,PTGES3,RBBP4,MAPK3,MRE11A,NR2F2,SIN3B,EGF,SP3,JUN,MXD1,HUS1,SMAD3,MAX,HSP90AA1,CCND1,POT1,TNKS,PINX1,NCL,MTOR,TERF1,BLM,SAP18,DKC1,ACD,TINF2,XRCC5,SP1,AKT1,IFNG,E6,HDAC1,XRCC6,HNRNPC,IFNAR2,TERT,TGFB1,ABL1,RAD9A,SIN3A,PARP2,TERF2IP,SMG6,SAP30
NCI-NATURE	FOXA2 and FOXA3 transcription factor networks PID	http://pid.nci.nih.gov/search/pathway_landing.shtml?pathway_id=200087&source=NCI-NATURE&what=graphic&jpg=on	ALB,PCK1,BDH1,HNF1A,NF1,UCP2,NR3C1,F2,HNF4A,G6PC,ABCC8,SLC2A2,GCK,HMGCS1,PKLR,CEBPA,ACADVL,INS,FOXA1,TTR,ALDOB,KCNJ11,TFRC,AKT1,CEBPD,CREB1,ALAS1,CEBPB,HADH,IGFBP1,CPT1B,SP1,AFP,FOXA3,HNF1B,APOA1,CPT1C,NKX2-1,FOXA2,CPT1A,DLK1,ACADM,FOXF1,TAT,PDX1
NCI-NATURE	IL3-mediated signaling events PID	http://pid.nci.nih.gov/search/pathway_landing.shtml?pathway_id=200145&source=NCI-NATURE&what=graphic&jpg=on	PRKACG,SHC1,CISH,ID1,OSM,CNKSR1,PIM1,CEBPB,PTPN11,SRP9,GRB2,IL3,CSF2RB,HDAC1,IL3RA,JAK2,PRKACB,STAT5A,STAT5B,PRKACA,YWHAZ,PIK3CA,YWHAG,BCL2L1,GAB2,PIK3R1
NCI-NATURE	BMP receptor signaling PID	http://pid.nci.nih.gov/search/pathway_landing.shtml?pathway_id=200144&source=NCI-NATURE&what=graphic&jpg=on	SMAD1,SKI,BMP7,GREM1,PPP1CA,SMAD9,XIAP,PPP1R15A,RGMA,SMURF2,FST,CTDSP1,SMAD4,SOSTDC1,CHRD,GSK3B,AHSG,PPM1A,HFE2,BMPR1B,ZFYVE16,BMPR1A,CHRDL1,RGMB,NUP214,MAP3K7,MAPK1,BMP4,CTDSP2,BMP2,TAB1,CER1,SMAD6,CTDSPL,BMPR2,NOG,SMURF1,SMAD7,TAB2,BAMBI,SMAD5,BMP6
NCI-NATURE	E-cadherin signaling in keratinocytes PID	http://pid.nci.nih.gov/search/pathway_landing.shtml?pathway_id=200147&source=NCI-NATURE&what=graphic&jpg=on	JUP,CDH1,CTNNB1,CASR,RAC1,FMN1,PIK3R1,CTNND1,PIK3CA,AJUBA,EGFR,SRC,PIP5K1A,PLCG1,FYN,RHOA,VASP,AKT2,AKT1,ZYX,CTNNA1
NCI-NATURE	IL6-mediated signaling events PID	http://pid.nci.nih.gov/search/pathway_landing.shtml?pathway_id=200146&source=NCI-NATURE&what=graphic&jpg=on	STAT3,CEBPB,A2M,GAB1,FOS,GAB2,TYK2,SOCS3,PIAS3,IL6ST,MYC,VAV1,MAPK14,IRF1,LMO4,HCK,PTPN11,FGG,MAP2K6,CRP,MAP2K4,HSP90B1,CEBPD,LBP,PRKCD,PIK3CA,JAK1,PIK3R1,FOXO1,JAK2,STAT1,JUN,IL6,TNFSF11,MAPK11,IL6R,TIMP1,PIAS1,GRB2,MITF,AKT1,RAC1,MCL1,SOS1,JUNB
NCI-NATURE	FOXM1 transcription factor network PID	http://pid.nci.nih.gov/search/pathway_landing.shtml?pathway_id=200141&source=NCI-NATURE&what=graphic&jpg=on	GAS1,CENPF,SP1,PLK1,MYC,NFATC3,BRCA2,CDK1,CCNE1,EP300,CCND1,LAMA4,HSPA1A; HSPA1B,CENPA,CREBBP,CCNB2,SKP2,BIRC5,XRCC1,CDC25B,CKS1B,AURKB,HIST1H2BA,CCNA2,FOXM1,CENPB,CDK4,MMP2,FOS,RB1,CHEK2,CCNB1,ESR1,MAP2K1,ONECUT1,NEK2,CDK2,GSK3A,ETV5,TGFA
NCI-NATURE	ErbB2/ErbB3 signaling events PID	http://pid.nci.nih.gov/search/pathway_landing.shtml?pathway_id=200140&source=NCI-NATURE&what=graphic&jpg=on	MAP2K2,FOS,AKT1,MAPK10,MTOR,MAPK3,MAPK8,BAD,RNF41,SRC,HRAS,STAT3,NRG2,CHRNE,MAPK9,NFATC4,PIK3CD,JAK2,SHC1,USP8,PIK3CB,ERBB2,NRAS,CDC42,NF2,SOS1,RAC1,PIK3R2,RAF1,DOCK7,MAPK1,PIK3R1,PTPN11,GRB2,CHRNA1,PIK3CA,ERBB3,MAP2K1,JUN,PPP3CB,PIK3R3,PRKACA
NCI-NATURE	Hypoxic and oxygen homeostasis regulation of HIF-1-alpha PID	http://pid.nci.nih.gov/search/pathway_landing.shtml?pathway_id=200143&source=NCI-NATURE&what=graphic&jpg=on	HIF1A,OS9,VHL,HSP90AA1,HIF1AN,TCEB1,NAA10,TCEB2,COPS5,TP53,RBX1,ARNT,EGLN3,EGLN1,CUL2,GNB2L1,HIF3A,EGLN2
NCI-NATURE	EPHA forward signaling PID	http://pid.nci.nih.gov/search/pathway_landing.shtml?pathway_id=200142&source=NCI-NATURE&what=graphic&jpg=on	EPHA3,LYN,ARHGEF15,PLCG1,NGEF,PIK3R5,BLK,EFNA1,ROCK1,EFNA5,RHOA,EPHA5,EPHA1,CRKL,SRC,EPHA8,VAV2,VAV3,HCK,EPHA2,CBL,FGR,YES1,CRK,FYN,EFNA2,LCK,CDK5,EPHA6,EPHA7,PIK3R6,EPHA4,PIK3CG,EFNA3
NCI-NATURE	Reelin signaling pathway PID	http://pid.nci.nih.gov/search/pathway_landing.shtml?pathway_id=200062&source=NCI-NATURE&what=graphic&jpg=on	LRP8,ITGA3,CBL,MAPK8,MAP1B,MAP2K7,NCK2,MAPT,PIK3R1,CRKL,ARHGEF2,LRPAP1,GSK3B,VLDLR,RAPGEF1,DAB1,CDK5R1,AKT1,MAP3K11,ITGB1,RELN,RAP1A,PIK3CA,CDK5,MAPK8IP1,FYN,GRIN2B,PAFAH1B1,GRIN2A
NCI-NATURE	Presenilin action in Notch and Wnt signaling PID	http://pid.nci.nih.gov/search/pathway_landing.shtml?pathway_id=200063&source=NCI-NATURE&what=graphic&jpg=on	TLE1,DKK1,PPP2R5D,APH1A,JUN,DLL1,KREMEN2,SSPO,HNF1A,AES,FBXW11,DTX1,CSNK1A1,LRP6,MAP3K7,PSEN1,CTNNB1,NCSTN,WNT1,NOTCH1,DKK2,NKD1,NEDD4,FRAT1,MAPK3,MYC,FZD1,DVL1,AXIN1,FOS,TAB1,APH1B,PSENEN,CSNK2A1,WIF1,PPARD,ADAM10,RBPJ,GSK3B,CTBP1,MAPK1,CREBBP,CCND1,NLK,HDAC1,APC
NCI-NATURE	Aurora C signaling PID	http://pid.nci.nih.gov/search/pathway_landing.shtml?pathway_id=200060&source=NCI-NATURE&what=graphic&jpg=on	AURKB,INCENP,AURKC
NCI-NATURE	Regulation of RhoA activity PID	http://pid.nci.nih.gov/search/pathway_landing.shtml?pathway_id=200061&source=NCI-NATURE&what=graphic&jpg=on	SRGAP1,ARHGAP9,OPHN1,ARHGEF5,ARHGDIA,FARP1,CDKN1B,NET1,MCF2,RGNEF,TRIO,ARHGEF12,PLEKHG6,ARHGEF10L,ARHGAP6,ARHGEF10,ARHGEF15,MYO9B,MCF2L,ABR,ARHGEF3,RHOA,ARHGDIG,ARHGEF1,VAV1,BCR,VAV2,DEF6,OBSCN,AKAP13,ARHGEF25,ARAP3,ARHGEF17,DLC1,ARHGAP35,ARAP1,ARHGEF2,ARHGEF11,NGEF,ARHGAP4,ARHGAP8,ARHGDIB,ARHGAP5,ECT2,ARHGEF18,VAV3
NCI-NATURE	PDGFR-beta signaling pathway PID	http://pid.nci.nih.gov/search/pathway_landing.shtml?pathway_id=200149&source=NCI-NATURE&what=graphic&jpg=on	SOS1,RAC1,BCAR1,ARPC4,MAPK1,HCK,FOS,PIK3R5,RAPGEF1,STAT5B,MYOCD,PAG1,WASF2,JUND,ARPC3,PPP2CA,FYN,MAPK10,YES1,GAB1,LRP1,DOK1,NCK2,BAIAP2,SLC9A3R1,ELK1,EPS8,PRKCA,PRKCD,CTTN,ARPC1B,DOCK4,ACTN4,PDGFRB,MAPK3,STAT1,VAV2,WASL,LCK,ACTA2,YWHAQ,DNM2,ABI1,EIF2AK2,ARHGAP35,MAP2K2,ARAP1,JUN,CYFIP2,PIK3CA,RAB4A,PTPN11,RASA1,RAF1,PIN1,PIK3CG,SPHK1,ITGAV,ARPC5,PTPN1,PLCG1,PIK3R6,FGR,PIK3CB,ARHGDIA,YWHAH,PPP2R1A,PAK1,CRK,BRAF,MYC,SFN,YWHAE,SRF,NCKAP1,MLLT4,PRKCE,JAK2,S1PR1,NCK1,PTPRJ,BRK1,ACTR3,YWHAG,PTEN,NRAS,PPP2R2B,CSK,ACTR2,BLK,MAPK8,RPS6KA3,TAGLN,HRAS,ARPC2,YWHAZ,SIPA1,CBL,STAT3,GRB2,ITGB3,PDGFB,KSR1,PIK3R3,STAT5A,MAPK9,GRB10,SLA,RAP1B,SLC9A3R2,MAP2K7,MAP2K4,RHOA,MAP2K1,ABL1,LYN,SRC,RAP1A,PLA2G4A,YWHAB,USP6NL,PIK3R1,PIK3CD,RAB5A,IQGAP1,PIK3R2
NCI-NATURE	Wnt signaling network PID	http://pid.nci.nih.gov/search/pathway_landing.shtml?pathway_id=200067&source=NCI-NATURE&what=graphic&jpg=on	DKK1,WNT3A,FZD9,WNT2,WNT7A,IGFBP4,WNT1,FZD8,FZD1,KREMEN2,LRP6,KREMEN1,FZD2,LRP5,FZD6,RSPO1,WNT7B,FZD4,CTHRC1,WNT5A,RYK,FZD5,ATP6AP2,WNT3,ROR2,WIF1,FZD10,FZD7
NCI-NATURE	Integrin-linked kinase signaling PID	http://pid.nci.nih.gov/search/pathway_landing.shtml?pathway_id=200064&source=NCI-NATURE&what=graphic&jpg=on	PPP1R14A,RAC1,RUVBL2,ZEB1,TACC3,PPP1R14B,CDC42,ELMO2,RHOG,PARP1,NACA,LIMS2,GSK3B,LIMS1,ZYX,XPO1,GIT2,RICTOR,PPP1R12A,PARVG,ILK,ARHGEF6,MYL9,PARVA,CDC37,AURKA,HSP90AA1,CCND1,CREB1,TNS1,ILKAP,RUVBL1,PARVB,ACTN1,PPP1R14C,JUN,CTNNB1,SNAI1,AKT1,ARHGEF7,NCK2,IQGAP1,CKAP5,PXN,DIAPH1
NCI-NATURE	Nectin adhesion pathway PID	http://pid.nci.nih.gov/search/pathway_landing.shtml?pathway_id=200065&source=NCI-NATURE&what=graphic&jpg=on	PTPRM,RAC1,CTNNA1,ITGAV,CLDN1,TLN1,RAP1A,RAP1B,RAPGEF1,PDGFB,PVRL1,F11R,PIP5K1C,VAV2,PVR,CDH1,CTNNB1,PDGFRB,ITGB3,FARP2,PVRL2,PVRL3,PIK3R1,SRC,CDC42,PIK3CA,CRK,IQGAP1
NCI-NATURE	IL5-mediated signaling events PID	http://pid.nci.nih.gov/search/pathway_landing.shtml?pathway_id=200107&source=NCI-NATURE&what=graphic&jpg=on	CISH,STAT5B,CSF2RB,LYN,IL5,IL5RA,PIK3R1,SDCBP,PIK3CA,PIM1,PTPN11,JAK2,GRB2,STAT5A
NCI-NATURE	Glypican 3 network PID	http://pid.nci.nih.gov/search/pathway_landing.shtml?pathway_id=200225&source=NCI-NATURE&what=graphic&jpg=on	MAPK9,MAPK8,GPC3,FURIN,BMP4,PTCH1,FGF7,SHH
NCI-NATURE	ALK1 pathway PID	http://pid.nci.nih.gov/search/pathway_landing.shtml?pathway_id=200029&source=NCI-NATURE&what=graphic&jpg=on	ACVR1,ACVRL1,FKBP1A
NCI-NATURE	Class IB PI3K non-lipid kinase events PID	http://pid.nci.nih.gov/search/pathway_landing.shtml?pathway_id=200097&source=NCI-NATURE&what=graphic&jpg=on	MAP2K1,PIK3R5,PIK3R6,PDE3B,PIK3CG,MAPK1
NCI-NATURE	mTOR signaling pathway PID	http://pid.nci.nih.gov/search/pathway_landing.shtml?pathway_id=200096&source=NCI-NATURE&what=graphic&jpg=on	AKT1S1,FBXW11,RRAGA,CLIP1,DEPTOR,CCNE1,PML,RPS6KB1,PXN,MAPK1,MAPKAP1,YWHAG,EEF2K,PLD2,MAP2K2,POLDIP3,ULK1,BRAF,PPARGC1A,EIF4B,ATG13,TSC2,YWHAZ,PDCD4,YWHAQ,EIF4EBP1,SSPO,SGK1,EIF4E,HRAS,PRKCA,BNIP3,ULK2,RPS6KA1,YY1,PRR5,RAC1,YWHAH,MAPK3,CYCS,PDPK1,RAF1,EIF4A1,SREBF1,RRAGD,RHOA,TSC1,IKBKB,RPTOR,MAP2K1,RICTOR,CDK2,RHEB,MLST8,RRAGC,NRAS,DDIT4,SFN,RRN3,RRAGB,PLD1,MTOR,RB1CC1,EEF2,YWHAE,AKT1,IRS1,YWHAB
NCI-NATURE	Arf6 downstream pathway PID	http://pid.nci.nih.gov/search/pathway_landing.shtml?pathway_id=200095&source=NCI-NATURE&what=graphic&jpg=on	RAC1,PLAUR,MAPK3,NME1,ARF1,RHOA,PLD1,RAB11A,KALRN,RAB11FIP3,ARF6,MAPK1,PIP5K1A,PLD2,TIAM1
NCI-NATURE	Validated nuclear estrogen receptor beta network PID	http://pid.nci.nih.gov/search/pathway_landing.shtml?pathway_id=200094&source=NCI-NATURE&what=graphic&jpg=on	SMARCA4,SMARCB1,ESR2,NCOA1,SMARCE1,NR0B2,NEDD8,NCOA2,UBA3,NR0B1,ZNF14,UBE2M,DDX54,NCOA3,C3
NCI-NATURE	Alpha9 beta1 integrin signaling events PID	http://pid.nci.nih.gov/search/pathway_landing.shtml?pathway_id=200093&source=NCI-NATURE&what=graphic&jpg=on	RAC1,NOS2,ITGB1,ADAM8,VEGFA,BCAR1,SRC,ITGA9,F13A1,FIGF,VEGFC,KCNJ15,TNC,SAT1,PXN,PAOX,FN1,SPP1,TGM2,ADAM2,ADAM12,VCAM1,CSF2RA,ADAM15,CSF2
NCI-NATURE	Visual signal transduction: Cones PID	http://pid.nci.nih.gov/search/pathway_landing.shtml?pathway_id=200092&source=NCI-NATURE&what=graphic&jpg=on	ARR3,GUCY2D,SLC24A2,GRK1,GNB5,RDH12,GRK7,GUCY2F,PDE6C,RPE65,CNGA3,GUCA1B,RDH5,CNGB3,RGS9,GNAT2,PDE6H,GNGT2,GUCA1A,RGS9BP,LRAT,GUCA1C,GNB3
NCI-NATURE	Glucocorticoid receptor regulatory network PID	http://pid.nci.nih.gov/search/pathway_landing.shtml?pathway_id=200091&source=NCI-NATURE&what=graphic&jpg=on	YWHAH,FKBP5,BAX,MMP1,NR4A1,VIPR1,MAPK8,IL6,HDAC1,IFNG,POU2F1,STAT1,BGLAP,GATA3,AKT1,PRKACB,SGK1,CDK5R1,HDAC2,STAT5B,EGR1,NCOA2,SMARCD1,IL4,GSK3B,SUMO2,RELA,PPP5C,TP53,POMC,KRT5,STAT5A,SMARCC2,SMARCA4,SFN,MDM2,TBP,ICAM1,CSN2,MAPK3,NR1I3,CSF2,NFATC1,TBX21,CREBBP,EP300,IRF1,FKBP4,FOS,MAPK9,KRT14,MAPK10,NFKB1,NR3C1,SUV420H1,PRL,CGA,PBX1,PRKACG,HSP90AA1,MAPK1,MAPK14,TSG101,FGG,SPI1,MAPK11,SELE,NCOA1,SMARCC1,JUN,PRKACA,POU1F1,IL5,KRT17,AFP,CREB1,CDKN1A,IL13,IL8,IL2,PCK2,CDK5
NCI-NATURE	Role of Calcineurin-dependent NFAT signaling in lymphocytes PID	http://pid.nci.nih.gov/search/pathway_landing.shtml?pathway_id=200090&source=NCI-NATURE&what=graphic&jpg=on	PRKCE,PIM1,CHP,PRKCA,PRKCQ,MAPK14,NUP214,CREBBP,PPP3R1,YWHAG,YWHAH,SFN,CAMK4,PRKCZ,NR4A1,BCL2,CALM1; CALM2; CALM3,RAN,YWHAZ,NFATC2,PRKACA,RCAN1,MAP3K1,NFATC1,KPNB1,MEF2D,MAPK3,YWHAE,MAP3K8,CASP3,CSNK1A1,AKAP5,CSNK2A1,PPP3CB,YWHAQ,PRKCG,FKBP8,NFATC3,YWHAB,MAPK9,KPNA2,EP300,MAPK8,BAD,XPO1,RCAN2,PPP3CA,FKBP1A,CABIN1,PRKCD,GSK3B,PRKCH
NCI-NATURE	Beta2 integrin cell surface interactions PID	http://pid.nci.nih.gov/search/pathway_landing.shtml?pathway_id=200138&source=NCI-NATURE&what=graphic&jpg=on	F11R,C3,CYR61,TGFBI,FCGR2A,THY1,ITGAD,PLAUR,KNG1,ICAM1,ITGB2,FGB,FGA,ITGAX,CD40LG,ICAM4,GP1BA,ITGAM,FGG,ICAM3,PROC,F10,VCAM1,JAM3,PLAT,ICAM2,PLAU,SPON2,ITGAL
NCI-NATURE	CXCR4-mediated signaling events PID	http://pid.nci.nih.gov/search/pathway_landing.shtml?pathway_id=200099&source=NCI-NATURE&what=graphic&jpg=on	MMP9,ITGA8,HGS,PTPN6,ITGA7,ITGA2,GNAZ,RGS1,RAC1,PTEN,HLA-DRB1,RALB,ITGAV,PTK2,LCK,LIMK1,PTPRC,PDPK1,RHOC,PLCB2,PLCB1,PTPN11,RHOB,VAV1,RAP1B,PAG1,GNB2L1,STAT3,VPS4B,PLCB3,ITCH,GNAO1,FGR,LYN,STAT2,CFL1,ARRB2,ARR3,ITGA5,PIK3CB,ITGA4,GNAI3,BAD,ADRBK1,ITGA11,GNA13,HLA-DRA,SSH1,PAK1,GNAI1,RHOA,ITGA10,ITGA6,SRC,CD3E,GNG2,PIK3R6,GNB1,STAT5B,CXCL12,CRK,PIK3R5,PIK3R1,ITGA9,PIK3R2,GRK6,ITGA1,PTK2B,CSK,HCK,CD247,VPS4A,CD3D,GNAI2,BCAR1,CXCR4,BLK,PIK3CG,MTOR,PIK3CA,RICTOR,FOXO1,CD4,PXN,ITGB1,UBQLN1,STAT5A,STAT1,PIK3R3,YES1,PRKCZ,AKT1,MLST8,MAPKAP1,FYN,CD3G,PIK3CD,ITGA3,CDC42,DNM1,JAK2
NCI-NATURE	IL2-mediated signaling events PID	http://pid.nci.nih.gov/search/pathway_landing.shtml?pathway_id=200098&source=NCI-NATURE&what=graphic&jpg=on	STAM2,IRS2,MYC,STAT3,NRAS,IFNG,HRAS,MAPK1,SOS1,DOK2,RASA1,SOCS1,PIK3CA,SOCS3,CISH,STAT1,SYK,MAP2K1,SOCS2,RAF1,PTPN11,JAK1,JAK3,LCK,FYN,STAT5B,IKZF3,PIK3R1,GRB2,PRKCB,GAB2,MAPK9,BCL2,IL2RA,MAP2K2,JUN,PTK2B,IRS1,MAPK8,STAT5A,PPP2R5D,STAM,MAPKAPK2,MAPK3,MAPK11,IL2RG,CDK2,PRKCE,IL2,SHC1,FOS,MAPK14,IL2RB,RHOA
NCI-NATURE	Angiopoietin receptor Tie2-mediated signaling PID	http://pid.nci.nih.gov/search/pathway_landing.shtml?pathway_id=200079&source=NCI-NATURE&what=graphic&jpg=on	AGTR1,MAPK8,ANGPT2,TNF,CDKN1A,SHC1,MAPK1,GRB2,NCK1,PLD2,ITGA5,ANGPT4,PXN,RASA1,MAPK3,PLG,MAPK14,PTPN11,FYN,RAC1,AKT1,ITGB1,NOS3,TEK,CRK,STAT5A,FN1,FGF2,DOK2,ELF1,PIK3R1,STAT5B,RELA,GRB7,GRB14,BMX,ANGPT1,ELF2,F2,ELK1,RPS6KB1,NFKB1,MMP2,FES,ETS1,PAK1,PIK3CA,FOXO1
NCI-NATURE	Proteoglycan syndecan-mediated signaling events PID	http://pid.nci.nih.gov/search/pathway_landing.shtml?pathway_id=200130&source=NCI-NATURE&what=graphic&jpg=on	SDC4,SDC1,SDC3,SDC2
NCI-NATURE	Hedgehog signaling events mediated by Gli proteins PID	http://pid.nci.nih.gov/search/pathway_landing.shtml?pathway_id=200172&source=NCI-NATURE&what=graphic&jpg=on	SUFU,HDAC2,SSPO,PIAS1,GLI2,HDAC1,GNB1,SMO,RAB23,RBBP7,GLI3,CSNK1G3,KIF3A,CREBBP,GLI1,STK36,GNG2,GSK3B,FBXW11,GNAI3,SHH,CSNK1G2,XPO1,CSNK1E,IFT88,CSNK1D,MAP2K1,MTSS1,PRKCD,CSNK1A1,AKT1,GNAZ,IFT172,GNAI1,PTCH1,LGALS3,CSNK1G1,FOXA2,SIN3B,RBBP4,SIN3A,GNAO1,SPOP,ARRB2,GNAI2,SAP30,SAP18,PRKACA
NCI-NATURE	Caspase cascade in apoptosis PID	http://pid.nci.nih.gov/search/pathway_landing.shtml?pathway_id=200173&source=NCI-NATURE&what=graphic&jpg=on	SPTAN1,APP,CASP7,RIPK1,TRAF2,CASP1,DIABLO,CASP4,CYCS,ARHGDIB,BIRC2,CASP10,ACTA1,VIM,MADD,LMNA,GZMB,GSN,GAS2,BCL2,BIRC3,CFL2,CRMA,BID,SATB1,TOP1,PRF1,CRADD,LMNB1,NUMA1,XIAP,TRADD,TNFRSF1A,SREBF1,CASP2,BAX,DFFB,KRT18,CASP8,LMNB2,TNF,CASP6,MAP3K1,DFFA,APAF1,LIMK1,CASP9,TFAP2A,CASP3,PARP1,PIDD
NCI-NATURE	CXCR3-mediated signaling events PID	http://pid.nci.nih.gov/search/pathway_landing.shtml?pathway_id=200175&source=NCI-NATURE&what=graphic&jpg=on	MAP2K1,PIK3CD,GNAI2,MAP2K6,ARRB1,GNAZ,PIK3CB,MAPK11,PF4,PIK3R2,RICTOR,AKT1,DNM1,MAPK14,MLST8,MAP2K2,ITGB2,CXCL9,MAPK3,RAF1,MTOR,CXCL10,ITGAL,CXCL13,MAPKAP1,GNB1,PIK3CA,SRC,CXCR3,MAPK1,MAP2K3,PIK3R3,HRAS,PIK3R1,GNAO1,GNAI1,GNG2,CXCL11,CCL11,GNAI3,NRAS,PDPK1
NCI-NATURE	Regulation of nuclear beta catenin signaling and target gene transcription PID	http://pid.nci.nih.gov/search/pathway_landing.shtml?pathway_id=200176&source=NCI-NATURE&what=graphic&jpg=on	DKK4,CTNNB1,EP300,IL8,AR,SNAI2,YWHAZ,KRT1,TRRAP,TCF4,SALL4,SMARCA4,FGF4,TLE4,YWHAQ,TBL1XR1,TCF7L1,MYF5,JUN,ADCY7,YWHAG,INCENP,DKK1,CHD8,YWHAB,PITX2,CDX1,RUVBL2,AXIN2,SSPO,KCNIP4,MITF,ID2,YWHAE,MED12,MMP9,TBL1X,CTNNBIP1,SFN,MDFIC,CDX4,MMP2,CYR61,TERT,NCOA2,MT-CO2,ZCCHC12,CBY1,CTBP1,TCF7L2,HBP1,NEUROG1,CUL1,SKP1,TNIK,TCF7,AES,TLE1,TLE2,HDAC2,BCL9,CCND1,MYOG,VCAN,LEF1,YWHAH,XPO1,MYC,KLF4,CDH1,DVL3,T,SP5,CAMK4,HDAC1,CACNA1G,APC,IGF2BP1,CCND2
NCI-NATURE	VEGFR1 specific signals PID	http://pid.nci.nih.gov/search/pathway_landing.shtml?pathway_id=200177&source=NCI-NATURE&what=graphic&jpg=on	RASA1,PIK3R1,CALM1; CALM2; CALM3,MAPK3,PRKCA,NCK1,AKT1,CBL,FLT1,PIK3CA,NRP2,CD2AP,PLCG1,SHC2,VEGFA,VEGFB,MAPK1,PDPK1,NOS3,HIF1A,PRKACA,PGF,CAV1,PTPN11,HSP90AA1,NRP1
NCI-NATURE	Regulation of cytoplasmic and nuclear SMAD2/3 signaling PID	http://pid.nci.nih.gov/search/pathway_landing.shtml?pathway_id=200178&source=NCI-NATURE&what=graphic&jpg=on	CALM1; CALM2; CALM3,PIAS4,MAP3K1,UBE2I,SMAD2,PPM1A,CTDSPL,CTDSP1,MAPK3,KPNB1,CTDSP2,SMAD3,NUP214,SMAD4,MAPK1,KPNA2,NUP153
NCI-NATURE	PLK2 and PLK4 events PID	http://pid.nci.nih.gov/search/pathway_landing.shtml?pathway_id=200179&source=NCI-NATURE&what=graphic&jpg=on	PLK2,PLK4
NCI-NATURE	Arf6 signaling events PID	http://pid.nci.nih.gov/search/pathway_landing.shtml?pathway_id=200073&source=NCI-NATURE&what=graphic&jpg=on	CYTH3,EGF,TSHR,ARAP2,ITGA2B,HGF,GNA11,EFNA1,KIF13B,SRC,ARF6,ARRB1,ARRB2,FBXO8,ACAP1,EPHA2,GNA15,GNAQ,GNA14,ADAP1,ADRB2,CYTH2,AGTR1,MET,USP6,GULP1,EGFR,NCK1,IQSEC1,GIT1,ACAP2,ITGB3,LHCGR,PXN,IPCEF1
NCI-NATURE	ATM pathway PID	http://pid.nci.nih.gov/search/pathway_landing.shtml?pathway_id=200072&source=NCI-NATURE&what=graphic&jpg=on	ATM,H2AFX,CDC25A,ABL1,TERF2,TOP3A,CTBP1,MDC1,RFWD2,MDM2,CDC25C,UIMC1,BLM,RAD17,RNF8,BRCA1,KAT5,MRE11A,SMC3,RAD50,UBE2N,RBBP8,FANCD2,BID,XRCC4,YWHAB,NBN,DCLRE1C,SMC1A,TP53BP1,FAM175A,CHEK2,TRIM28,RAD9A
NCI-NATURE	TCR signaling in na&#xef;ve CD8+ T cells PID	http://pid.nci.nih.gov/search/pathway_landing.shtml?pathway_id=200075&source=NCI-NATURE&what=graphic&jpg=on	ORAI1,CSK,IKBKG,RAP1A,LCP2,FYN,CD80,MAP3K14,LAT,CBL,VAV1,PDPK1,CD86,HLA-A,ZAP70,PAG1,AKT1,MALT1,CD8A,TRAF6,CHUK,CD3G,PLCG1,CARD11,MAP3K8,CD8B,PTPN6,NRAS,IKBKB,CD247,LCK,PRKCB,B2M,RASGRP2,RASSF5,CD3E,CD28,SOS1,PRF1,RASGRP1,GRAP2,BCL10,HRAS,PRKCE,PRKCQ,TRPV6,STIM1,PRKCA,CD3D,PTPRC,GRB2
NCI-NATURE	LKB1 signaling events PID	http://pid.nci.nih.gov/search/pathway_landing.shtml?pathway_id=200074&source=NCI-NATURE&what=graphic&jpg=on	MLST8,BRSK1,PRKAG1,YWHAQ,STRADA,MARK2,MARK4,MST4,CREB1,SIK1,ESR1,YWHAE,CRTC2,SMAD4,HSP90AA1,TSC2,CAB39,SFN,CDC37,PRKACA,STRADB,CTSD,YWHAB,MTOR,PRKAB1,RPTOR,STK11IP,EZR,PRKAA1,SIK3,AKT1S1,YWHAG,TP53,PSEN2,MYC,PRKAA2,STK11,SIK2,GSK3B,YWHAZ,ETV4,SMARCD3,BRSK2,YWHAH,TSC1,MAP2
NCI-NATURE	Canonical Wnt signaling pathway PID	http://pid.nci.nih.gov/search/pathway_landing.shtml?pathway_id=200077&source=NCI-NATURE&what=graphic&jpg=on	LRP6,GSK3A,AXIN1,CUL3,WNT3A,DVL3,GSK3B,FZD5,PPP2R5A,CSNK1G1,DVL1,PI4K2A,CTNNB1,DVL2,APC,NKD2,PIP5K1B,RANBP3,KLHL12,CAV1
NCI-NATURE	S1P5 pathway PID	http://pid.nci.nih.gov/search/pathway_landing.shtml?pathway_id=200076&source=NCI-NATURE&what=graphic&jpg=on	GNAI2,GNAZ,GNAI3,GNAI1,S1PR5,RHOA,GNA12,GNAO1
NCI-NATURE	ALK1 signaling events PID	http://pid.nci.nih.gov/search/pathway_landing.shtml?pathway_id=200148&source=NCI-NATURE&what=graphic&jpg=on	MAPK1,FKBP1A,SMAD1,GDF2,TGFB1,ID1,TLX2,ACVR1,SMAD9,ACVR2B,CAV1,BMPR2,SMAD4,ARRB2,MAPK3,SMAD7,ACVR2A,ACVRL1,SMAD5,TGFB3,PPP1CA,INHBA,CSNK2B,TGFBR1,TGFBR2
NCI-NATURE	Nongenotropic Androgen signaling PID	http://pid.nci.nih.gov/search/pathway_landing.shtml?pathway_id=200170&source=NCI-NATURE&what=graphic&jpg=on	GNB1,HRAS,MAP2K1,GNAI3,PLCB3,MAPK1,GNG2,CREB1,PELP1,SRC,PLCG2,PLCG1,GNAI1,AKT1,GNAO1,RAC1,FOS,RAF1,AR,GNRH1,CDC42,GNAI2,MAP2K2,MAPK3,GNAZ,SHBG,PIK3R1,PLCB1,PIK3CA,PLCB2
NCI-NATURE	RXR and RAR heterodimerization with other nuclear receptor PID	http://pid.nci.nih.gov/search/pathway_landing.shtml?pathway_id=200131&source=NCI-NATURE&what=graphic&jpg=on	NR4A1,NR1H2,VDR,NR1H3,RXRG,PPARG,NCOA1,THRB,PPARD,FAM120B,PPARA,RXRA,TNF,RPS6KB1,TGFB1,THRA,NR1H4,NCOR2,BCL2,ABCA1,MED1
NCI-NATURE	GMCSF-mediated signaling events PID	http://pid.nci.nih.gov/search/pathway_landing.shtml?pathway_id=200019&source=NCI-NATURE&what=graphic&jpg=on	CSF2RA,YWHAZ,PIK3R1,NRAS,CSF2RB,MAPK3,MAP2K2,MAPK1,FOS,GAB2,PRKACB,CCL2,STAT5B,OSM,GRB2,PIM1,LYN,CISH,CSF2,IKBKB,STAT1,HRAS,STAT3,PRKACA,RAF1,SHC1,STAT5A,PIK3CA,JAK2,PRKACG,PTPN11,SYK,MAP2K1,SOS1,IRF8
NCI-NATURE	JNK signaling in the CD4+ TCR pathway PID	http://pid.nci.nih.gov/search/pathway_landing.shtml?pathway_id=200151&source=NCI-NATURE&what=graphic&jpg=on	LCP2,CRK,JUN,MAP2K4,MAP3K8,PRKCB,MAP4K1,MAP3K1,DBNL,CRKL,GRAP2,MAPK8,MAP3K7
NCI-NATURE	Internalization of ErbB1 PID	http://pid.nci.nih.gov/search/pathway_landing.shtml?pathway_id=200171&source=NCI-NATURE&what=graphic&jpg=on	CHMP3,RAB5A,CDC42,ZFYVE28,SPRY2,EGF,RAF1,PIK3CA,NRAS,AMPH,PIK3R1,UBE2D2,EGFR,PIK3CB,HRAS,PIK3R2,EPS15,SH3KBP1,DNM1,LRIG1,SRC,UBE2D3,SOS1,EPN1,SYNJ1,STAMBP,HGS,ARHGEF7,TSG101,SH3GL2,CBL,ITSN1,PIK3R3,USP8,PIK3CD,GRB2,CBLB,UBE2D1
NCI-NATURE	Calcineurin-regulated NFAT-dependent transcription in lymphocytes PID	http://pid.nci.nih.gov/search/pathway_landing.shtml?pathway_id=200050&source=NCI-NATURE&what=graphic&jpg=on	CTLA4,PTGS2,PRKCQ,CASP3,EGR1,IFNG,FOSL1,IL8,EGR2,PPARG,NFATC2,NFATC3,EGR3,BCE1,IL5,JUN,GBP3,CALM1; CALM2; CALM3,IL4,POU2F1,TBX21,CDK4,FOS,CSF2,SLC3A2,IL2,NFATC1,IRF4,BATF3,FASLG,TNF,FOXP3,IL2RA,PTPRK,EGR4,DGKA,JUNB,E2F1,RNF128,IKZF1,IL3,PTPN1,MAF,GATA3,ITCH,CBLB,CD40LG
NCI-NATURE	Beta5 beta6 beta7 and beta8 integrin cell surface interactions PID	http://pid.nci.nih.gov/search/pathway_landing.shtml?pathway_id=200169&source=NCI-NATURE&what=graphic&jpg=on	ITGB5,ITGAV,TGFBR1,MADCAM1,ITGA4,ITGB7,PLAU,SDC1,ITGB6,FN1,CYR61,VCAM1,VTN,EDIL3,FBN1,PLAUR,ITGB8,ITGA4
NCI-NATURE	Signaling events mediated by the Hedgehog family PID	http://pid.nci.nih.gov/search/pathway_landing.shtml?pathway_id=200168&source=NCI-NATURE&what=graphic&jpg=on	DHH,HHIP,CDON,STIL,PIK3CA,HHAT,AKT1,BOC,PTHLH,GLI2,LRPAP1,PTCH2,IHH,ARRB2,TGFB2,GAS1,SHH,ADRBK1,SMO,LRP2,PTCH1,PIK3R1
NCI-NATURE	IL8- and CXCR2-mediated signaling events PID	http://pid.nci.nih.gov/search/pathway_landing.shtml?pathway_id=200167&source=NCI-NATURE&what=graphic&jpg=on	PIK3R6,FGR,RAB7A,AKT1,CXCR2,PLD2,ARRB1,PLCB1,HCK,GNB1,PRKCA,IL8,RAC2,PLCB2,PIK3CG,PPP2CA,ARRB2,PDPK1,LYN,ELMO1,GNG2,DOCK2,GNAI2,RAB5A,CBL,GNA14,GNA15,PLCB3,DNM1,PPP2R1A,VASP,RAB11A,PRKCG
NCI-NATURE	a4b7 Integrin signaling PID	http://pid.nci.nih.gov/search/pathway_landing.shtml?pathway_id=200166&source=NCI-NATURE&what=graphic&jpg=on	ITGA4,ITGB1,CD44,MADCAM1,RHOA,PXN,ITGB7,VCAM1
NCI-NATURE	Signaling mediated by p38-gamma and p38-delta PID	http://pid.nci.nih.gov/search/pathway_landing.shtml?pathway_id=200165&source=NCI-NATURE&what=graphic&jpg=on	MAP2K3,MAP2K6,STMN1,EEF2K,MLTK,CCND1,MAPK13,SNTA1,MAPK12,PKN1
NCI-NATURE	Retinoic acid receptors-mediated signaling PID	http://pid.nci.nih.gov/search/pathway_landing.shtml?pathway_id=200164&source=NCI-NATURE&what=graphic&jpg=on	PRKCA,MAPK3,AKT1,MNAT1,PRKCG,PRKACA,NCOR2,HDAC1,CCNH,CDK1,NCOA2,HDAC3,NCOA3,NRIP1,MAPK14,RBP1,CREBBP,MAPK8,KAT2B,EP300,MAPK1,RARA,VDR,RXRA,RXRG,CDK7,NCOA1
NCI-NATURE	EphrinB-EPHB pathway PID	http://pid.nci.nih.gov/search/pathway_landing.shtml?pathway_id=200163&source=NCI-NATURE&what=graphic&jpg=on	EFNB1,EPHB2,EPHB4,EFNB2,EPHB1,EPHB3
NCI-NATURE	PDGFR-alpha signaling pathway PID	http://pid.nci.nih.gov/search/pathway_landing.shtml?pathway_id=200162&source=NCI-NATURE&what=graphic&jpg=on	PIK3CA,CAV1,CRKL,GRB2,RAPGEF1,PIK3R1,ITGAV,JAK1,SHF,IFNG,PLCG1,FOS,PDGFRA,SHC1,SHB,CAV3,JUN,CSNK2A1,ELK1,SRF,SOS1,CRK
NCI-NATURE	Visual signal transduction: Rods PID	http://pid.nci.nih.gov/search/pathway_landing.shtml?pathway_id=200161&source=NCI-NATURE&what=graphic&jpg=on	GNGT1,GRK1,GNAT1,PDE6A,GNB1,GUCY2D,LRAT,PDE6G,SLC24A1,RHO,GUCA1C,RGS9BP,RDH12,PDE6B,GUCA1B,SAG,RDH5,RPE65,CNGA1,GUCA1A,GUCY2F,RGS9,GNB5
NCI-NATURE	ALK2 signaling events PID	http://pid.nci.nih.gov/search/pathway_landing.shtml?pathway_id=200160&source=NCI-NATURE&what=graphic&jpg=on	TLX2,BMP7,AMHR2,ACVR1,SMAD9,FKBP1A,BMPR2,SMAD5,SMAD4,AMH,SMAD1
NCI-NATURE	Validated nuclear estrogen receptor alpha network PID	http://pid.nci.nih.gov/search/pathway_landing.shtml?pathway_id=200158&source=NCI-NATURE&what=graphic&jpg=on	C3,POU4F1,POU4F2,APBB1,NR0B1,NRIP1,AP1B1,NCOA2,NCOA3,EP300,NEDD8,ABCA3,MYC,NCOR1,HDAC1,DSCAM,NCOA7,CD82,VTLGL1,SOD1,COL18A1,PDIA2,HSF2,UBE2M,DDX17,ATP5J,NCOR2,ANP32A,NCOA1,NR0B2,LCOR,PRL,KLRC3,SAFB,DDX54,TRIM59,CTSD,CALCOCO1,CCND1,CEBPB,PRDM15,STAT5A,ESR1,GREB1,LMO4,MED1,JUN,CHUK,MPG,NDUFV3,AXIN2,SRA1,PHB2,EBAG9,PCNA,SMAD4,UBA3,MTA1,TFF1,XBP1,BRCA1,HDAC4,ESR2
NCI-NATURE	Glypican pathway PID	http://pid.nci.nih.gov/search/pathway_landing.shtml?pathway_id=200010&source=NCI-NATURE&what=graphic&jpg=on	GPC2,GPC1,GPC3
NCI-NATURE	Signaling events mediated by TCPTP PID	http://pid.nci.nih.gov/search/pathway_landing.shtml?pathway_id=200078&source=NCI-NATURE&what=graphic&jpg=on	HGF,CREBBP,KPNA2,PIK3R2,PIK3CA,PTPN1,GRB2,PDGFRB,PIK3CD,KDR,CSF1R,EIF2AK2,PIK3R1,PDGFB,CSF1,JAK3,EGF,PIAS1,ITGA1,RAB4A,INS,STAT3,LMAN1,SRC,VEGFA,PIK3CB,GAB1,ITGB1,JAK1,STAT1,KPNB1,STAT5A,INSR,SOS1,MET,STAT6,STAT5B,EGFR,PIK3R3,ATR
NCI-NATURE	Regulation of p38-alpha and p38-beta PID	http://pid.nci.nih.gov/search/pathway_landing.shtml?pathway_id=200066&source=NCI-NATURE&what=graphic&jpg=on	LCK,PAK3,RAC1,HCK,PAK2,YES1,MAP2K3,FGR,DUSP10,RALB,LYN,CDC42,DUSP8,TAB1,SRC,DUSP16,CCM2,DUSP1,MAP2K6,MAPK14,PAK1,MAPK11,TRAF6,RALA,MAP3K3,BLK,FYN,MAP2K4,MAP3K12,RIPK1
NCI-NATURE	IL2 signaling events mediated by PI3K PID	http://pid.nci.nih.gov/search/pathway_landing.shtml?pathway_id=200118&source=NCI-NATURE&what=graphic&jpg=on	PIK3R1,MYC,RAC1,GAB2,NFKB1,PTPN11,SGMS1,RELA,LCK,MYB,MTOR,EIF3A,RPS6KB1,IL2,BCL2,IL2RA,PRKCZ,IL2RB,IL2RG,FOXO3,BCL2L1,RPS6,CALM1; CALM2; CALM3,SOS1,JAK3,SHC1,PIK3CA,HSP90AA1,GRB2,AKT1,E2F1,TERT,SMPD1,JAK1,UGCG
NCI-NATURE	Ceramide signaling pathway PID	http://pid.nci.nih.gov/search/pathway_landing.shtml?pathway_id=200119&source=NCI-NATURE&what=graphic&jpg=on	BID,MAP2K1,PDGFA,PRKRA,FADD,KSR1,SMPD1,MAPK3,PAWR,MAP2K2,TRADD,TNFRSF1A,MAPK1,MYC,AKT1,RIPK1,NFKB1,NFKBIA,MAPK8,ASAH1,EIF2AK2,CTSD,BAX,RAF1,AIFM1,PRKCD,RELA,BAD,BCL2,MAP2K4,BAG4,CRADD,SMPD3,MAP3K1,PRKCZ,TNF,CYCS,MADD,TRAF2,MAP4K4,SPHK2,EGF,BIRC3,CASP8
NCI-NATURE	EGFR-dependent Endothelin signaling events PID	http://pid.nci.nih.gov/search/pathway_landing.shtml?pathway_id=200112&source=NCI-NATURE&what=graphic&jpg=on	SOS1,HRAS,GRB2,EDNRA,EGFR,MTOR,EDN1,EGF
NCI-NATURE	E-cadherin signaling events PID	http://pid.nci.nih.gov/search/pathway_landing.shtml?pathway_id=200113&source=NCI-NATURE&what=graphic&jpg=on	CTNNB1,CDH1,JUP
NCI-NATURE	PAR4-mediated thrombin signaling events PID	http://pid.nci.nih.gov/search/pathway_landing.shtml?pathway_id=200110&source=NCI-NATURE&what=graphic&jpg=on	GNB1,GNA13,GNA14,F2,ROCK2,MYL2,GNG2,PLCB2,F2RL2,GNA15,F2RL3,GNA11,GNAQ,RHOA,ROCK1
NCI-NATURE	C-MYC pathway PID	http://pid.nci.nih.gov/search/pathway_landing.shtml?pathway_id=200111&source=NCI-NATURE&what=graphic&jpg=on	PPP2R5A,PAK2,SKP2,KAT2A,TRRAP,RUVBL1,TAF12,TAF10,KAT5,RUVBL2,GSK3B,PPP2CA,MYC,SUPT7L,TAF9,HBP1,AXIN1,MAX,PIN1,SUPT3H,ZBTB17,ACTL6A
NCI-NATURE	Class I PI3K signaling events PID	http://pid.nci.nih.gov/search/pathway_landing.shtml?pathway_id=200116&source=NCI-NATURE&what=graphic&jpg=on	CYTH1,ARF1,PLEKHA1,BLNK,YES1,LCK,DAPP1,PIK3CB,PIK3R6,PLCG2,FYN,PLEKHA2,RAP1A,BLK,PTEN,SYK,HCK,PIK3CA,SGK1,ARF5,ITK,HRAS,CYTH3,ARF6,RAC1,PIK3CG,SRC,PIK3R1,HSP90AA1,RHOA,ARAP3,PIK3R2,ZAP70,PLCG1,INPPL1,FGR,CYTH2,PIK3CD,PIK3R5,BTK,PDPK1,LYN,FOXO3,NRAS,PIK3R3,ADAP1
NCI-NATURE	Posttranslational regulation of adherens junction stability and dissassembly PID	http://pid.nci.nih.gov/search/pathway_landing.shtml?pathway_id=200117&source=NCI-NATURE&what=graphic&jpg=on	MMP7,GDNF,CTNNA1,CTNNB1,ARF6,JUP,TIAM1,EGFR,MEP1B,GNA12,HGS,RAB7A,EGF,CASP3,DNM2,CTNND1,GFRA1,RAC1,FYN,HRAS,CBLL1,MET,CABLES1,SRC,NTRK2,CREBBP,BDNF,GNA13,NME1,SNX1,IGF2,CDH2,ABL1,RET,RIN2,RAB5A,IGF1R,SLIT1,MMP3,PTPN6,IQGAP1,DSP,CDH1,ROBO1,PTPN1,CDC42,ZBTB33,ADAM10
NCI-NATURE	Regulation of CDC42 activity PID	http://pid.nci.nih.gov/search/pathway_landing.shtml?pathway_id=200071&source=NCI-NATURE&what=graphic&jpg=on	DOCK10,MCF2L,FARP2,ARHGEF7,DOCK11,DOCK9,DNMBP,ARHGEF9,ARHGEF6,GIT1,VAV2,RACGAP1,FGD1,PLCG1,ARHGDIA,ARHGAP1,BCAR3,NME1,APC,NGEF,ITSN2,MCF2,ITSN1,VAV3,RALBP1,DOCK6,ARHGAP17,ARHGEF25,CDC42,SPATA13
NCI-NATURE	Sumoylation by RanBP2 regulates transcriptional repression PID	http://pid.nci.nih.gov/search/pathway_landing.shtml?pathway_id=200115&source=NCI-NATURE&what=graphic&jpg=on	SUMO1,PIAS2,MDM2,RANBP2,HDAC4,RANGAP1,RAN,HDAC1,XPO1,PIAS1,UBE2I
NCI-NATURE	Validated transcriptional targets of AP1 family members Fra1 and Fra2 PID	http://pid.nci.nih.gov/search/pathway_landing.shtml?pathway_id=200055&source=NCI-NATURE&what=graphic&jpg=on	MMP9,MMP2,ATF4,BGLAP,JUNB,JUN,EP300,MGP,IVL,GJA1,DCN,PLAUR,TXLNG,SP1,LAMA3,HMOX1,ITGB4,CCNA2,NFATC2,COL1A2,PLAU,FOSL1,NOS3,JUND,LIF,CCL2,DMTF1,IL8,CCND1,THBD,IL6,USF2,MMP1,NFATC1,NFATC3
NCI-NATURE	TRAIL signaling pathway PID	http://pid.nci.nih.gov/search/pathway_landing.shtml?pathway_id=200068&source=NCI-NATURE&what=graphic&jpg=on	CFLAR,PIK3R3,IKBKG,MAPK1,MAP2K4,PIK3CB,MAPK8,TNFRSF10A,TNFRSF10D,MAPK3,FADD,TNFRSF10C,TNFRSF10B,DAP3,TNFSF10,TRADD,CASP10,IKBKB,RIPK1,CASP8,SMPD1,CHUK,MAP3K1,PIK3R2,PIK3R1,TRAF2,PIK3CD,PIK3CA
NCI-NATURE	Alpha4 beta1 integrin signaling events PID	http://pid.nci.nih.gov/search/pathway_landing.shtml?pathway_id=200221&source=NCI-NATURE&what=graphic&jpg=on	THBS2,PXN,IGSF8,MYH2,AMICA1,RAC1,ITGA4,PRKAR1B,FN1,SRC,BCAR1,PRKACA,PTK2B,ITGB1,PTPRA,ABI1,DOCK1,TLN1,JAM2,CD14,ADAM28,GIT1,PRKACB,CD81,CRK,VCAM1,THBS1,PRKAR1A,YWHAZ,SPP1,ARF6,MDK
NCI-NATURE	HIF-1-alpha transcription factor network PID	http://pid.nci.nih.gov/search/pathway_landing.shtml?pathway_id=200202&source=NCI-NATURE&what=graphic&jpg=on	EGLN3,NT5E,PGK1,PGM1,PFKFB3,HNF4A,NDRG1,ETS1,BHLHE41,LEP,SP1,GATA2,NPM1,ABCG2,IGFBP1,EGLN1,SERPINE1,TF,EDN1,ABCB1,FURIN,MCL1,FOS,NCOA1,ADM,SLC2A1,ARNT,ALDOA,ENO1,TFF3,CITED2,EP300,CA9,COPS5,HK2,CXCL12,CXCR4,ITGB2,CREBBP,VEGFA,PFKL,CREB1,BHLHE40,ID2,HIF1A,PLIN2,HK1,SMAD4,SMAD3,EPO,BNIP3,PKM2,TFRC,NOS2,JUN,LDHA,HMOX1,ENG,TERT,GCK,FECH,HDAC7,CP,AKT1,NCOA2
NCI-NATURE	EPHB forward signaling PID	http://pid.nci.nih.gov/search/pathway_landing.shtml?pathway_id=200052&source=NCI-NATURE&what=graphic&jpg=on	EPHB2,EPHB4,EFNA5,MAPK1,SRC,GRB2,MAP2K1,PXN,CDC42,HRAS,NCK1,EFNB3,RRAS,PAK1,MAPK3,GRB7,SYNJ1,EPHB3,EFNB1,DNM1,MAP4K4,PIK3CA,GRIA1,EPHB1,ROCK1,NRAS,ITSN1,RAP1A,RAC1,RAP1B,EFNB2,PIK3R1,WASL,TF,KALRN,RASA1
NCI-NATURE	Signaling events regulated by Ret tyrosine kinase PID	http://pid.nci.nih.gov/search/pathway_landing.shtml?pathway_id=200070&source=NCI-NATURE&what=graphic&jpg=on	PRKACA,PXN,GAB1,GRB2,DOK4,CREB1,SHC1,PIK3R1,NCK1,PDLIM7,PRKCA,RET,BCAR1,MAPK3,IRS1,RHOA,DOK5,CRK,PTPN11,SOS1,FRS2,RAC1,MAPK8,DOK1,GRB7,SRC,MAPK1,RAP1A,PIK3CA,GFRA1,JUN,GRB10,DOK6,GDNF,IRS2,SHANK3,RASA1,HRAS
NCI-NATURE	Validated targets of C-MYC transcriptional repression PID	http://pid.nci.nih.gov/search/pathway_landing.shtml?pathway_id=200200&source=NCI-NATURE&what=graphic&jpg=on	NFYA,HDAC3,ITGA6,TJP2,SFRP1,ID2,TMEM126A,IRF8,SMAD2,ALDH9A1,SMAD3,SLC11A1,WNT5A,ERBB2,MYC,CEBPA,CCL5,CSDE1,FTH1,MAX,CLU,NDRG1,BCL2,ITGB4,DNMT3A,GTF2H2,DDIT3,TBP,COL1A2,HDAC1,MXD4,SMAD4,TMEFF2,CFLAR,ZFP36L1,HMGCS2,CEBPD,GADD45A,S100A7,RBL1,SFXN3,SPI1,CDKN1A,ITGB1,GFI1,NFYC,SP1,CDKN2B,EP300,CDKN1B,ZBTB17,CREB1,LGALS1,PPP2R4,DNTT,FOXO3,TSC2,BRCA1,NFYB,CCND1,NDRG2,DKK1,PDGFRB
NCI-NATURE	Thrombin/protease-activated receptor (PAR) pathway PID	http://pid.nci.nih.gov/search/pathway_landing.shtml?pathway_id=200044&source=NCI-NATURE&what=graphic&jpg=on	F2
NCI-NATURE	IL12-mediated signaling events PID	http://pid.nci.nih.gov/search/pathway_landing.shtml?pathway_id=200045&source=NCI-NATURE&what=graphic&jpg=on	MAP2K6,CD3G,IL12RB1,RAB7A,LCK,GZMB,IL4,IL18,STAT1,JAK2,ATF2,STAT3,HLA-DRB1,NFKB1,CD4,TYK2,IL18RAP,NOS2,RIPK2,IL1B,SOCS1,EOMES,IL2RB,CCL4,IL12A,RELB,CD247,B2M,IL12B,HLA-DRA,CD3D,CCR5,IL12RB2,MTOR,GZMA,GADD45G,GADD45B,IL2RG,NFKB2,TBX21,PPP3CB,FOS,HLA-A,MAP2K3,STAT5A,CD8A,RELA,STAT4,IL1R1,CD3E,PPP3CA,CD8B,MAPK14,STAT6,IL2,IL2RA,FASLG,PPP3R1,SPHK2,IL18R1,CCL3,HLX,IFNG
NCI-NATURE	S1P3 pathway PID	http://pid.nci.nih.gov/search/pathway_landing.shtml?pathway_id=200046&source=NCI-NATURE&what=graphic&jpg=on	PDGFB,GNAI2,GNA14,GNAO1,GNA15,GNA12,AKT1,SRC,VEGFA,ITGAV,MAPK1,PDGFRB,FLT1,AKT3,ITGB3,S1PR3,GNAQ,CXCR4,S1PR2,GNA11,JAK2,GNAI3,MAPK3,GNA13,S1PR1,GNAZ,GNAI1,RAC1,RHOA
NCI-NATURE	LPA4-mediated signaling events PID	http://pid.nci.nih.gov/search/pathway_landing.shtml?pathway_id=200047&source=NCI-NATURE&what=graphic&jpg=on	LPAR4,PRKACA,ADCY1,RPS6KA5,ADCY3,PRKCE,ADCY8,ADCY4,CREB1,ADCY7,GNAL,ADCY2,ADCY6,ADCY9,ADCY5
NCI-NATURE	AlphaE beta7 integrin cell surface interactions PID	http://pid.nci.nih.gov/search/pathway_landing.shtml?pathway_id=200040&source=NCI-NATURE&what=graphic&jpg=on	CDH1,ITGB7,ITGAE
NCI-NATURE	Signaling events mediated by Hepatocyte Growth Factor Receptor (c-Met) PID	http://pid.nci.nih.gov/search/pathway_landing.shtml?pathway_id=200041&source=NCI-NATURE&what=graphic&jpg=on	CDH1,NCK1,HRAS,MAPK1,RANBP9,MAP2K1,CBL,PAK4,PLCG1,PTPN1,MUC20,RANBP10,PAK2,GRB2,MAP3K1,PDPK1,DEPTOR,MAP2K4,EGR1,PIK3R1,ARHGEF4,PRKCI,EPS15,PAK1,PTPN11,RAB5A,CRK,CDC42,RHOA,BAD,MLST8,JUN,NUMB,MTOR,HGF,AKT2,AKT1,KPNB1,SRC,EIF4E,NCK2,INPPL1,MAPK3,ARF6,SH3GL2,RAPGEF1,CTNNB1,MAPK8,CRKL,MAP2K2,RAP1A,GAB2,PIK3CA,RAC1,RAP1B,WASL,APC,PTPRJ,SOS1,PRKCZ,MET,RPTOR,SNAI1,BCAR1,AKT1S1,HGS,RIN2,CTNNA1,F2RL2,EIF4EBP1,RAF1,GAB1,ETS1,PXN,SH3KBP1,PARD6A
NCI-NATURE	Signaling events mediated by PTP1B PID	http://pid.nci.nih.gov/search/pathway_landing.shtml?pathway_id=200042&source=NCI-NATURE&what=graphic&jpg=on	LEPR,PDGFRB,TXN,SPRY2,ITGA2B,SRC,INS,DOK1,STAT3,RHOA,CAV1,CRK,CSN2,JAK2,CAPN1,STAT5B,FER,PTPN1,AKT1,LEP,TYK2,LYN,LAT,YBX1,CSF1R,PDGFB,ITGB3,STAT5A,TRPV6,PIK3R1,SOCS3,CDH2,YES1,BCAR1,INSR,BLK,CSF1,EGF,HCK,NOX4,SHC1,PRL,PRLR,CSK,GRB2,FCGR2A,IRS1,FGR,FYN,LCK,PIK3CA,EGFR
NCI-NATURE	Beta3 integrin cell surface interactions PID	http://pid.nci.nih.gov/search/pathway_landing.shtml?pathway_id=200043&source=NCI-NATURE&what=graphic&jpg=on	COL4A5,VEGFA,LAMB1,L1CAM,ITGA2B,CYR61,COL4A6,FGG,LAMA4,COL4A1,EDIL3,F11R,IBSP,PDGFB,FBN1,PDGFRB,FGB,FN1,COL4A3,SPHK1,TGFBR2,ITGB3,SPP1,COL1A1,COL1A2,LAMC1,TGFBI,TNC,PECAM1,PLAUR,VTN,PLAU,KDR,ITGAV,COL4A4,CD47,HMGB1,FGA,THY1,THBS1,SDC4,PVR,SDC1
NCI-NATURE	Arf6 trafficking events PID	http://pid.nci.nih.gov/search/pathway_landing.shtml?pathway_id=200057&source=NCI-NATURE&what=graphic&jpg=on	PIP5K1C,SLC2A4,DNM2,ARF6,ITGA2,ITGA1,NME1,EXOC6,MAPK8IP3,IL2RA,ITGB1,ITGA4,VAMP3,SPAG9,EXOC2,ITGA8,CPE,CTNNB1,ASAP2,EXOC4,PLD2,ITGA6,ITGA5,RALA,CTNNA1,ITGAV,PLD1,EXOC3,CTNND1,INS,TSHR,AGTR1,EDNRB,SCAMP2,ADRB2,ITGA3,ACAP1,ITGA9,CLTC,EXOC1,ITGA10,ITGA11,ITGA7,EXOC7,EXOC5,AVPR2,KLC1,CDH1,BIN1
NCI-NATURE	Alternative NF-kappaB pathway PID	http://pid.nci.nih.gov/search/pathway_landing.shtml?pathway_id=200048&source=NCI-NATURE&what=graphic&jpg=on	RELB,SSPO,NFKB2,NFKB1,CHUK,MAP3K14
NCI-NATURE	Coregulation of Androgen receptor activity PID	http://pid.nci.nih.gov/search/pathway_landing.shtml?pathway_id=200049&source=NCI-NATURE&what=graphic&jpg=on	AKT1,PAWR,HNRNPA1,PTK2B,NCOA4,CDK6,FHL2,CTDSP1,GSN,KLK3,KLK2,BRCA1,NRIP1,SVIL,VAV3,CTNNB1,CASP8,CTDSP2,CARM1,APPL1,HIP1,UBA3,TMPRSS2,NKX3-1,NCOA2,RPS6KA3,PIAS4,KDM3A,PA2G4,KDM4C,MED1,FKBP4,CCND1,UBE3A,TMF1,PRDX1,PIAS1,XRCC6,CCND3,LATS2,UBE2I,TGIF1,XRCC5,PELP1,CMTM2,KDM1A,PRKDC,SRF,SNURF,TGFB1I1,ZMIZ1,PATZ1,AR,MAK,PIAS3,NCOA6,TCF4
NCI-NATURE	Validated targets of C-MYC transcriptional activation PID	http://pid.nci.nih.gov/search/pathway_landing.shtml?pathway_id=200056&source=NCI-NATURE&what=graphic&jpg=on	MYC,BAX,TK1,SMAD3,TAF9,RUVBL2,HMGA1,NCL,DDX18,KAT5,ENO1,PFKM,CDC25A,E2F3,PRDX3,ODC1,PTMA,SNAI1,KAT2A,SERPINI1,HSP90AA1,MMP9,MAX,LIN28B,NPM1,NME1,TERT,RPL11,PIM1,TAF10,HSPD1,RUVBL1,BMI1,SLC2A1,TAF12,BIRC5,BCAT1,KIR3DL1,SUPT7L,TAF4B,LDHA,TRRAP,IREB2,TP53,CAD,MTDH,FOSL1,GPAM,SMAD4,GAPDH,HSPA4,SUPT3H,CDK4,EP300,POLR3D,SHMT1,CREBBP,CCND2,PEG10,ID2,EIF4G1,NBN,MYCT1,PDCD10,MINA,NDUFAF2,PMAIP1,HUWE1,ACTL6A,RCC1,NME2,CCNB1,CDCA7,UBTF,TFRC,EIF4A1,EIF4E,MTA1,EIF2S1
NCI-NATURE	Glypican 1 network PID	http://pid.nci.nih.gov/search/pathway_landing.shtml?pathway_id=200026&source=NCI-NATURE&what=graphic&jpg=on	BLK,SRC,TGFB3,NRG1,FGR,FGF2,PLA2G2A,HCK,TGFB2,VEGFA,TGFBR1,YES1,FGFR1,TGFB1,LYN,LAMA1,APP,TGFBR2,LCK,SMAD2,SLIT2,FYN,SERPINC1,GPC1,TDGF1,PRNP,FLT1
NCI-NATURE	FoxO family signaling PID	http://pid.nci.nih.gov/search/pathway_landing.shtml?pathway_id=200108&source=NCI-NATURE&what=graphic&jpg=on	CSNK1G1,SGK1,CAT,FBXO32,RALA,CSNK1E,IKBKB,PLK1,SIRT1,FOXO1,BCL2L11,RAN,EP300,CREBBP,CSNK1G2,FOXO4,MAPK8,USP7,CSNK1A1,CTNNB1,CSNK1D,YWHAE,RALB,CHUK,MST1,G6PC,CSNK1G3,CCNB1,FASLG,GADD45A,YWHAB,YWHAH,XPO1,MAPK9,MAPK10,SOD2,SKP2,BCL6,KAT2B,YWHAQ,CDKN1B,CDK2,FOXO3,ZFAND5,RBL2,YWHAG,SFN,AKT1,YWHAZ
NCI-NATURE	Degradation of beta catenin PID	http://pid.nci.nih.gov/search/pathway_landing.shtml?pathway_id=200024&source=NCI-NATURE&what=graphic&jpg=on	LRP6,WNT3A,AXIN2,SKP1,AXIN1,GSK3B,SSPO,DVL2,CSNK1D,DVL1,CUL1,APC,CTNNB1,GSK3A,CSNK1E,CSNK1A1,FZD5,DVL3
NCI-NATURE	Signaling events mediated by HDAC Class III PID	http://pid.nci.nih.gov/search/pathway_landing.shtml?pathway_id=200025&source=NCI-NATURE&what=graphic&jpg=on	SIRT3,HOXA10,HIST1H4A; HIST1H4B; HIST1H4C; HIST1H4D; HIST1H4E; HIST1H4F; HIST1H4H; HIST1H4I; HIST1H4J; HIST1H4K; HIST1H4L; HIST2H4A; HIST2H4B; HIST4H4,MYOD1,FOXO1,SIRT7,FOXO4,PPARGC1A,CREBBP,HDAC4,BAX,TP53,MEF2D,ACSS1,XRCC6,FHL2,SIRT1,FOXO3,EP300,ACSS2,SIRT2,KAT2B,CDKN1A,HIST1H1E,TUBB2A,TUBA1B
NCI-NATURE	IL4-mediated signaling events PID	http://pid.nci.nih.gov/search/pathway_landing.shtml?pathway_id=200022&source=NCI-NATURE&what=graphic&jpg=on	CEBPB,COL1A1,SELP,MYB,CBL,ALOX15,IRF4,MTOR,IL13RA1,IL13RA2,AICDA,JAK1,JAK2,FES,IGHG1,TFF3,STAT5B,PIK3R1,THY1,MYBL1,STAT5A,CCL17,IL2RG,MAPK14,PIGR,LTA,SPI1,COL1A2,AKT1,FCER2,IGHE,CCL11,ARG1,OPRM1,PTPN6,CD40LG,PARP14,SOCS5,JAK3,EGR2,IRS2,GRB2,IL4,IRS1,IL5,RPS6KB1,STAT6,SOCS1,ITGB3,RETNLB,ETS1,SP1,SHC1,BCL6,HMGA1,CCL26,IL4R,IGHG3,PIK3CA,IL10,DOK2,SOCS3,GTF3A
NCI-NATURE	Signaling events mediated by HDAC Class II PID	http://pid.nci.nih.gov/search/pathway_landing.shtml?pathway_id=200023&source=NCI-NATURE&what=graphic&jpg=on	TUBB2A,RANGAP1,NCOR2,HDAC9,HDAC5,YWHAB,GATA2,BCOR,GNG2,YWHAE,HDAC7,RANBP2,HDAC3,ANKRA2,ESR1,NR3C1,HDAC11,GNB1,RAN,GATA1,SUMO1,BCL6,MEF2C,SRF,UBE2I,HDAC6,HSP90AA1,HDAC10,RFXANK,ADRBK1,XPO1,CAMK4,HDAC4,TUBA1B
NCI-NATURE	Noncanonical Wnt signaling pathway PID	http://pid.nci.nih.gov/search/pathway_landing.shtml?pathway_id=200020&source=NCI-NATURE&what=graphic&jpg=on	YES1,PRKCZ,MAP3K7,TAB2,FLNA,CSNK1A1,CDC42,DAAM1,FZD7,WNT5A,ROR2,NFATC2,SETDB1,NLK,ROCK1,RAC1,ARRB2,FZD5,MAPK8,CHD7,MAPK9,PPARG,CAMK2A,DVL1,RHOA,FZD6,CTHRC1,DVL2,DVL3,FZD2,TAB1,MAPK10
NCI-NATURE	Atypical NF-kappaB pathway PID	http://pid.nci.nih.gov/search/pathway_landing.shtml?pathway_id=200021&source=NCI-NATURE&what=graphic&jpg=on	PIK3CA,NFKB1,CSNK2B,SYK,CSNK2A1,PIK3R1,SSPO,MAPK14,LCK,NFKBIA,RELA,SRC,BCL3,IKBKB,ARRB2,REL,CSNK2A2
NCI-NATURE	EGF receptor (ErbB1) signaling pathway PID	http://pid.nci.nih.gov/search/pathway_landing.shtml?pathway_id=200101&source=NCI-NATURE&what=graphic&jpg=on	EGF,PAK1,GNAI3,GNAI1,NCK2,PIK3R2,STAT1,NCK1,SRC,WASL,NRAS,PIK3R3,SOS1,HRAS,TLN1,PTPN1,PIP5K1C,STAT3,PIK3CB,GRB2,PIK3R1,PIK3CD,PTPN6,GSN,PLCG1,EGFR,MAPK1,RASA1,GAB1,PIK3CA,MAPK3,PTPN11
NCI-NATURE	IGF1 pathway PID	http://pid.nci.nih.gov/search/pathway_landing.shtml?pathway_id=200100&source=NCI-NATURE&what=graphic&jpg=on	PRKCD,RAF1,BAD,GRB10,NCK2,IGF1R,SHC1,IRS1,BCAR1,AKT1,CRKL,PRKCZ,PDPK1,PXN,PTPN1,HRAS,PRKD1,PIK3R1,YWHAE,RPS6KB1,GRB2,PIK3CA,GNB2L1,CRK,SOS1,IRS2,YWHAZ,PTPN11
NCI-NATURE	PLK1 signaling events PID	http://pid.nci.nih.gov/search/pathway_landing.shtml?pathway_id=200103&source=NCI-NATURE&what=graphic&jpg=on	CENPE,ROCK2,PLK1,CDC25C,SPC24,BUB1B,FBXW11,KIF2A,RHOA,PPP2R1A,ERCC6L,CDK1,CLSPN,NUDC,AURKA,CDC25B,FBXO5,GOLGA2,CCNB1,NDC80,KIF20A,FZR1,SSPO,PPP1CB,PPP2CA,PLK1S1,INCENP,TUBG1,MLF1IP,ECT2,TPT1,WEE1,NINL,PPP1R12A,SGOL1,PAK1,CDC20,BORA,TPX2,GORASP1,STAG2,CDC14B,RAB1A,BUB1
NCI-NATURE	TNF receptor signaling pathway PID	http://pid.nci.nih.gov/search/pathway_landing.shtml?pathway_id=200102&source=NCI-NATURE&what=graphic&jpg=on	TNF,MAP4K5,SMPD1,BAG4,TRAF1,RFFL,GNB2L1,NFKB1,STAT1,NSMAF,MAP3K5,TRADD,TAB2,IKBKB,PRKCZ,TNFAIP3,MAP4K4,TRAF2,RIPK1,CAV1,MAP3K3,PRKCI,BIRC3,IKBKG,CASP8,CHUK,FADD,MAP3K7,TXN,SQSTM1,MAP3K1,MAP4K3,MAP4K2,SMPD2,TAB1,MAP2K3,TNIK,NRK,MADD,MAP2K7,RELA,ADAM17,TNFRSF1B,CYLD,TNFRSF1A,BIRC2
NCI-NATURE	Ras signaling in the CD4+ TCR pathway PID	http://pid.nci.nih.gov/search/pathway_landing.shtml?pathway_id=200104&source=NCI-NATURE&what=graphic&jpg=on	ELK1,RAF1,HRAS,MAPK1,BRAF,MAP3K8,FOS,MAPK3,MAP2K1,PRKCB,PRKCA,PTPN7,NRAS
NCI-NATURE	IL27-mediated signaling events PID	http://pid.nci.nih.gov/search/pathway_landing.shtml?pathway_id=200028&source=NCI-NATURE&what=graphic&jpg=on	IL12RB2,EBI3,IL1B,IL12B,STAT1,STAT4,STAT3,GATA3,TYK2,STAT5A,TBX21,IL6,TNF,IL2,TGFB1,JAK1,IL12A,IL27RA,IFNG,IL17A,JAK2,IL12RB1,IL27,STAT2,IL18,IL6ST
NCI-NATURE	Rapid glucocorticoid signaling PID	http://pid.nci.nih.gov/search/pathway_landing.shtml?pathway_id=200106&source=NCI-NATURE&what=graphic&jpg=on	MAPK8,GNB1,CRH,GNAL,GNG2,MAPK11,MAPK9,MAPK14
NCI-NATURE	VEGF and VEGFR signaling network PID	http://pid.nci.nih.gov/search/pathway_landing.shtml?pathway_id=200109&source=NCI-NATURE&what=graphic&jpg=on	FLT1,FIGF,NRP2,KDR,FLT4,NRP1,VEGFC
NCI-NATURE	Endogenous TLR signaling PID	http://pid.nci.nih.gov/search/pathway_landing.shtml?pathway_id=200208&source=NCI-NATURE&what=graphic&jpg=on	RHOA,HMGB1,LY96,TIRAP,BGN,IKBKB,IRAK1,IKBKG,HSPD1,CHUK,SFTPA1,IRAK2,VCAN,TLR2,TLR1,TLR3,TLR6,CD14,TICAM1,TLR4,S100A9,S100A8,MYD88,IRAK4
NCI-NATURE	Syndecan-2-mediated signaling events PID	http://pid.nci.nih.gov/search/pathway_landing.shtml?pathway_id=200192&source=NCI-NATURE&what=graphic&jpg=on	TRAPPC4,MMP2,ITGA5,MAPK1,LAMA1,FN1,CAV2,SRC,RHOA,MAPK3,CASP3,NF1,SDC2,TGFB1,SDCBP,GNB2L1,EZR,PRKCD,TNFRSF13B,LAMA3,CASK,RASA1,PRKACA,CSF2,ITGA2,ITGB1,KNG1,EPHB2,MAPK8,IL8,HRAS,BAX,EPB41
NCI-NATURE	Regulation of RAC1 activity PID	http://pid.nci.nih.gov/search/pathway_landing.shtml?pathway_id=200193&source=NCI-NATURE&what=graphic&jpg=on	TIAM1,PREX1,TIAM2,MCF2,DEF6,RASGRF1,NGEF,ARHGEF25,RASGRF2,VAV2,EPS8,RAC1,RACGAP1,CHN2,ARHGEF7,DOCK1,ARHGDIA,ARHGEF2,BCR,RALBP1,ABI1,SOS1,TRIO,ARHGAP9,ABR,PREX2,RAP1GDS1,CHN1,SPATA13,ARHGEF6,KALRN,ELMO1,VAV1,DOCK2,DOCK6,ARHGAP1,ARHGAP17,VAV3
NCI-NATURE	a6b1 and a6b4 Integrin signaling PID	http://pid.nci.nih.gov/search/pathway_landing.shtml?pathway_id=200190&source=NCI-NATURE&what=graphic&jpg=on	LAMA5,RXRA,ERBB2,ERBB3,YWHAZ,CDH1,PRKCA,MET,LAMA2,LAMB1,LAMB3,YWHAB,CD9,LAMA3,HRAS,GRB2,COL17A1,EGFR,PMP22,YWHAG,LAMC2,SHC1,YWHAQ,PIK3CA,YWHAH,LAMA4,LAMB2,ITGB1,IL1A,LAMC1,EGF,AKT1,MST1R,CASP7,RPS6KB1,ITGB4,PIK3R1,RXRG,YWHAE,ITGA6,LAMA1,SFN,LAMC3,MST1
NCI-NATURE	FOXA transcription factor networks PID	http://pid.nci.nih.gov/search/pathway_landing.shtml?pathway_id=200191&source=NCI-NATURE&what=graphic&jpg=on	FOXA2,FOXA3,FOXA1
NCI-NATURE	Insulin-mediated glucose transport PID	http://pid.nci.nih.gov/search/pathway_landing.shtml?pathway_id=200196&source=NCI-NATURE&what=graphic&jpg=on	TRIP10,YWHAE,PRKCZ,YWHAQ,YWHAG,GSK3B,AKT1,CALM1; CALM2; CALM3,YWHAB,INSR,STXBP4,STX4,ASIP,YWHAH,SLC2A4,INS,PPP1R3A,RHOQ,YWHAZ,PPP1CC,LNPEP,TBC1D4,GYS1,VAMP2,SFN,AKT2,PRKCI
NCI-NATURE	Class I PI3K signaling events mediated by Akt PID	http://pid.nci.nih.gov/search/pathway_landing.shtml?pathway_id=200197&source=NCI-NATURE&what=graphic&jpg=on	GSK3A,MAPKAP1,RICTOR,TBC1D4,RAF1,CASP9,HSP90AA1,MAP3K5,AKT3,FOXO3,PRKDC,YWHAQ,YWHAH,MTOR,FOXO1,YWHAG,CDKN1A,SFN,YWHAE,PDPK1,CHUK,PRKACA,BAD,KPNA1,YWHAZ,CDKN1B,YWHAB,AKT1,SRC,AKT2,GSK3B,MLST8,FOXO4,SLC2A4
NCI-NATURE	Aurora A signaling PID	http://pid.nci.nih.gov/search/pathway_landing.shtml?pathway_id=200194&source=NCI-NATURE&what=graphic&jpg=on	GSK3B,GIT1,ARHGEF7,CKAP5,TDRD7,BRCA1,BIRC5,RAN,AURKB,NDEL1,PAK1,AKT1,TPX2,DLGAP5,TACC1,PPP2R5D,OAZ1,TACC3,PRKACA,NFKBIA,GADD45A,CDC25B,FZR1,AURKA,CENPA,RASA1,MDM2,CPEB1,AJUBA,TP53,AURKAIP1
NCI-NATURE	Arf1 pathway PID	http://pid.nci.nih.gov/search/pathway_landing.shtml?pathway_id=200195&source=NCI-NATURE&what=graphic&jpg=on	CYTH2,RAC1,GBF1,CLTB,AP2M1,COPA,GOSR2,GGA3,PIP5K1A,AP2A1,ARF1,ARFIP2,USO1,CLTA,KDELR1,PLD2,CD4,ARFGAP1,ASAP1
NCI-NATURE	Syndecan-3-mediated signaling events PID	http://pid.nci.nih.gov/search/pathway_landing.shtml?pathway_id=200198&source=NCI-NATURE&what=graphic&jpg=on	MC4R,NCSTN,SRC,EGFR,CASK,AGRP,APH1B,PSENEN,FYN,PTN,POMC,CTTN,APH1A,IL8,PSEN1,SDC3,NCAN
NCI-NATURE	IL8- and CXCR1-mediated signaling events PID	http://pid.nci.nih.gov/search/pathway_landing.shtml?pathway_id=200199&source=NCI-NATURE&what=graphic&jpg=on	ARRB1,HCK,GNA14,GNAI2,FGR,AKT1,PRKCG,PLCB2,CBL,ADRBK1,PLD1,PLCB3,PIK3R6,PLCB1,DNM1,GNB1,PRKCA,PIK3CG,CXCR1,RAB5A,LYN,IL8,PRKCE,ARRB2,GNA15,PDPK1,GNG2
NCI-NATURE	Osteopontin-mediated events PID	http://pid.nci.nih.gov/search/pathway_landing.shtml?pathway_id=200053&source=NCI-NATURE&what=graphic&jpg=on	VAV3,SYK,PLAU,MAPK8,ITGB3,MMP9,ROCK2,MAPK3,RELA,PTK2B,CHUK,MMP2,ITGAV,PIK3R1,SPP1,BCAR1,CD44,MAP3K1,NFKB1,FOS,CDC42,MAP3K14,MAPK1,JUN,NFKBIA,RHOA,RAC1,GSN,PIP5K1A,PIK3CA,ILK
NCI-NATURE	Validated transcriptional targets of TAp63 isoforms PID	http://pid.nci.nih.gov/search/pathway_landing.shtml?pathway_id=200203&source=NCI-NATURE&what=graphic&jpg=on	MFGE8,OGG1,EP300,NQO1,SERPINB5,YWHAQ,S100A2,CDKN1A,ITGB4,PML,BBC3,GADD45A,CHUK,SP1,MDM2,TRAF4,ITGA3,NOC2L,FAS,PMAIP1,ITCH,WWP1,HBP1,PRKCD,IGFBP3,FLOT2,GPX2,DICER1,TFAP2C,SSRP1,ADA,SSPO,SPATA18,PERP,CLCA2,JAG1,TP53I3,DHRS3,CABLES1,VDR,PLK1,BAX,IKBKB,EVPL,AEN,FDXR,GDF15,ABL1,EGR2,SHH,SMARCD3
NCI-NATURE	EphrinA-EPHA pathway PID	http://pid.nci.nih.gov/search/pathway_landing.shtml?pathway_id=200051&source=NCI-NATURE&what=graphic&jpg=on	EPHA5,EFNA5,EPHA8,EPHA4,EPHA2,EPHA3,EPHA6,EPHA7
NCI-NATURE	PDGF receptor signaling network PID	http://pid.nci.nih.gov/search/pathway_landing.shtml?pathway_id=200201&source=NCI-NATURE&what=graphic&jpg=on	PDGFA,PDGFRA,PDGFRB,PDGFB,PDGFD,PDGFC
NCI-NATURE	p53 pathway PID	http://pid.nci.nih.gov/search/pathway_landing.shtml?pathway_id=200206&source=NCI-NATURE&what=graphic&jpg=on	NEDD8,PPM1D,HIPK2,CHEK2,TP53,TP53AIP1,TRIM28,CCNG1,HUWE1,CSNK1E,SETD8,SKP2,ATM,CSE1L,CSNK1D,CSNK1A1,PPP2CA,CDK2,PIN1,CHEK1,SETD7,MDM4,KAT5,CCNA2,SMYD2,E4F1,EP300,PRMT5,KAT2B,PPP1R13L,CSNK1G1,RFWD2,KAT8,DAXX,DYRK2,TTC5,RPL5,RPL11,PRKCD,PPP2R4,MDM2,FBXO11,AKT1,ATR,ABL1,CSNK1G2,GSK3B,CREBBP,RASSF1,MAPK14,MAPK9,RPL23,USP7,RCHY1,UBE2D1,CSNK1G3,YY1,MAPK8
NCI-NATURE	Polo-like kinase signaling events in the cell cycle PID	http://pid.nci.nih.gov/search/pathway_landing.shtml?pathway_id=200207&source=NCI-NATURE&what=graphic&jpg=on	PLK1,PLK3,PLK2,PLK4
NCI-NATURE	Ephrin B reverse signaling PID	http://pid.nci.nih.gov/search/pathway_landing.shtml?pathway_id=200204&source=NCI-NATURE&what=graphic&jpg=on	MAP3K7,EPHB1,MAP2K4,FGR,LCK,PIK3R1,DNM1,EFNB2,EPHB2,PTPN13,TIAM1,RAC1,PIK3CA,RGS3,EPHB4,ITGB3,FYN,FGA,BLK,CXCR4,HCK,NCK2,FGB,MAPK8,SRC,EFNB1,FGG,LYN,ITGA2B,YES1
NCI-NATURE	S1P4 pathway PID	http://pid.nci.nih.gov/search/pathway_landing.shtml?pathway_id=200054&source=NCI-NATURE&what=graphic&jpg=on	GNA12,GNAZ,GNAI2,MAPK3,CDC42,PLCG1,GNA13,MAPK1,GNAI1,RHOA,S1PR4,GNAI3,S1PR5,GNAO1
NCI-NATURE	Ephrin A  reverse signaling PID	http://pid.nci.nih.gov/search/pathway_landing.shtml?pathway_id=200059&source=NCI-NATURE&what=graphic&jpg=on	EPHA5,FYN,EFNA5
NCI-NATURE	Signaling by Aurora kinases PID	http://pid.nci.nih.gov/search/pathway_landing.shtml?pathway_id=200058&source=NCI-NATURE&what=graphic&jpg=on	AURKB,AURKC,AURKA
